danceability,energy,key,mode,speechiness,instrumentalness,liveness,tempo,loudness,acousticness,valence,duration_ms,Is_Popular,track_genre
0.511,0.212,2,1,0.034,0.00435,0.338,98.913,-13.912,0.954,0.429,178400,0,honky-tonk
0.371,0.993,1,1,0.217,0.296,0.342,134.087,-5.726,5.78e-06,0.0372,243280,0,death-metal
0.564,0.976,6,1,0.0592,0.247,0.0868,107.995,-3.562,8.83e-06,0.642,250666,0,industrial
0.583,0.965,5,0,0.0777,0.028,0.144,139.984,-4.185,0.0263,0.473,301640,0,industrial
0.492,0.898,0,0,0.0513,0.668,0.116,114.948,-5.662,0.000831,0.22,387306,0,black-metal
0.3,0.954,6,0,0.211,0.839,0.0741,109.824,-8.236,0.0107,0.283,67333,0,grindcore
0.711,0.466,0,1,0.0323,1.77e-06,0.0975,128.162,-13.933,0.298,0.952,184533,0,disney
0.33,0.777,6,1,0.0838,0.00227,0.167,114.309,-6.316,0.00315,0.236,227477,0,metalcore
0.435,0.891,7,1,0.0333,0.00262,0.919,127.341,-5.021,0.436,0.77,566200,0,bluegrass
0.689,0.539,2,1,0.0382,0.701,0.103,139.967,-11.424,0.0421,0.142,478866,0,breakbeat
0.714,0.243,0,1,0.0478,0.212,0.11,125.834,-13.513,0.646,0.504,298720,0,british
0.802,0.68,5,0,0.217,0.0,0.319,99.982,-5.912,0.344,0.766,179406,0,j-dance
0.661,0.841,9,1,0.0344,0.00348,0.358,129.99,-5.849,0.00153,0.211,222493,0,chicago-house
0.799,0.721,6,1,0.0508,0.000341,0.335,132.763,-5.222,0.0214,0.66,265426,0,latin
0.529,0.714,8,1,0.0295,0.00909,0.128,110.16,-8.426,0.229,0.837,236026,0,power-pop
0.509,0.886,9,0,0.0641,0.125,0.36,165.013,-4.5,0.000551,0.522,272227,0,happy
0.507,0.387,0,1,0.0264,0.0,0.143,140.66,-11.812,0.623,0.26,233466,0,honky-tonk
0.209,0.947,11,1,0.109,0.197,0.247,89.54,-5.313,2.22e-06,0.23,297306,0,death-metal
0.432,0.894,3,0,0.0666,0.777,0.112,115.1,-7.934,9.8e-05,0.0954,366823,0,black-metal
0.493,0.903,6,0,0.258,0.000135,0.816,171.937,-3.587,0.0237,0.527,127339,0,alternative
0.156,0.904,10,1,0.148,0.337,0.652,107.546,-3.965,0.000258,0.0355,174898,0,death-metal
0.255,0.937,1,1,0.12,0.225,0.35,126.165,-5.603,1.3e-05,0.226,142661,0,grindcore
0.491,0.328,5,1,0.037,6.13e-05,0.427,104.534,-14.176,0.894,0.52,171080,0,honky-tonk
0.431,0.224,6,1,0.0379,0.0,0.112,87.122,-8.683,0.948,0.401,230480,0,pop
0.696,0.249,5,1,0.0559,1.56e-05,0.472,92.286,-17.176,0.678,0.558,331040,0,afrobeat
0.778,0.709,0,0,0.404,0.0,0.072,117.663,-5.326,0.283,0.971,180244,0,j-dance
0.615,0.987,1,1,0.102,0.872,0.374,145.026,-3.682,0.00112,0.324,318813,0,breakbeat
0.479,0.8,4,1,0.0715,1.74e-05,0.341,115.98,-7.477,0.023,0.716,207960,0,bluegrass
0.664,0.614,2,1,0.0349,0.0051,0.19,145.247,-8.854,0.744,0.91,268013,0,bluegrass
0.798,0.605,4,0,0.0978,0.0127,0.109,120.003,-8.385,0.126,0.609,295733,0,trip-hop
0.509,0.264,6,0,0.0301,4.74e-06,0.251,89.194,-10.884,0.889,0.771,167013,0,bluegrass
0.467,0.207,11,1,0.0333,0.0,0.0889,76.241,-16.134,0.868,0.433,165720,0,honky-tonk
0.657,0.342,8,1,0.0274,8.14e-06,0.112,105.927,-13.269,0.404,0.528,174893,0,honky-tonk
0.374,0.959,1,1,0.148,0.0729,0.084,166.018,-5.024,0.000107,0.133,327706,0,black-metal
0.38,0.947,2,0,0.0858,0.891,0.333,77.492,-4.558,1.55e-05,0.166,282400,0,black-metal
0.829,0.94,0,1,0.102,1.03e-06,0.129,99.913,-3.719,0.502,0.668,157075,0,j-dance
0.203,0.974,9,0,0.302,0.875,0.104,90.119,-7.629,0.00119,0.0371,398666,0,black-metal
0.509,0.948,8,1,0.079,0.00415,0.135,161.748,-3.432,3.76e-05,0.332,261426,0,industrial
0.471,0.855,7,1,0.0421,4.36e-06,0.302,142.771,-7.742,0.00812,0.672,222466,0,honky-tonk
0.616,0.525,0,1,0.025,0.0125,0.115,155.954,-7.411,0.173,0.402,265293,0,trip-hop
0.496,0.716,9,0,0.275,0.0,0.11,79.896,-4.909,0.114,0.411,213470,0,j-dance
0.447,0.97,2,1,0.128,0.0,0.451,171.905,-5.138,7.03e-05,0.53,223146,0,industrial
0.684,0.847,9,0,0.273,3.53e-05,0.0842,158.046,-6.52,0.148,0.551,298591,0,happy
0.513,0.994,10,0,0.172,0.0394,0.929,120.014,-4.307,1.97e-05,0.267,254053,0,death-metal
0.407,0.598,9,1,0.0323,0.000116,0.36,130.778,-6.552,2.76e-05,0.606,207133,0,goth
0.312,0.528,10,0,0.0333,3.88e-06,0.0369,201.13,-7.324,0.267,0.397,291986,0,hard-rock
0.274,0.994,10,0,0.154,0.107,0.34,199.936,-2.04,1.58e-05,0.228,249893,0,metalcore
0.26,0.882,1,0,0.0997,0.57,0.0554,89.424,-5.276,1.08e-05,0.297,234280,0,grindcore
0.69,0.856,1,0,0.0376,7.82e-05,0.0761,145.966,-2.549,0.0689,0.74,215586,0,pop
0.253,0.956,7,1,0.157,0.00612,0.44,129.066,-6.385,2.54e-05,0.126,271413,0,black-metal
0.449,0.961,6,1,0.0766,0.146,0.0882,112.023,-4.174,3.36e-05,0.337,225586,0,metalcore
0.614,0.681,8,0,0.041,0.0114,0.193,112.2,-5.286,0.214,0.128,220399,0,groove
0.504,0.961,5,1,0.0888,0.0,0.372,125.493,-3.155,0.000126,0.274,243665,0,metalcore
0.489,0.124,2,1,0.0469,0.0,0.089,128.253,-14.855,0.848,0.183,256893,0,bluegrass
0.28,0.931,2,1,0.103,3.3e-06,0.396,130.551,-6.752,0.000629,0.11,93342,0,grindcore
0.489,0.164,10,1,0.0278,0.0,0.129,91.449,-16.996,0.83,0.519,145053,0,honky-tonk
0.411,0.767,3,1,0.056,0.00842,0.134,134.408,-4.211,0.000621,0.659,322613,0,alt-rock
0.368,0.911,1,1,0.0936,0.652,0.0539,147.733,-6.515,0.015,0.0565,158029,0,black-metal
0.446,0.423,2,1,0.0366,0.0,0.105,176.165,-8.175,0.822,0.19,171360,0,club
0.541,0.929,11,0,0.0595,0.0111,0.812,107.009,-4.891,0.00159,0.316,273826,0,industrial
0.609,0.693,9,1,0.0273,0.0,0.3,119.992,-6.395,0.000315,0.452,215586,0,acoustic
0.305,0.992,9,1,0.0855,0.0902,0.227,94.478,-3.891,3.69e-05,0.12,164533,0,grindcore
0.112,0.997,1,1,0.0989,0.195,0.359,153.9,-3.124,4.5e-06,0.0606,278026,0,death-metal
0.75,0.564,1,1,0.0236,0.0,0.0931,113.528,-8.67,0.179,0.672,260613,0,funk
0.466,0.183,1,1,0.043,5.58e-06,0.0925,123.324,-13.693,0.882,0.201,261120,0,bluegrass
0.668,0.683,1,1,0.039,0.897,0.626,122.47,-12.862,0.00544,0.675,363026,0,industrial
0.532,0.882,4,0,0.0552,1.46e-06,0.417,159.41,-10.583,0.0166,0.757,241400,0,goth
0.832,0.598,7,1,0.0411,6.68e-06,0.339,122.002,-11.115,0.323,0.971,163640,0,rockabilly
0.498,0.807,0,1,0.0428,0.00903,0.178,99.949,-5.246,0.000708,0.455,159626,0,power-pop
0.432,0.928,9,0,0.0582,0.00716,0.693,92.009,-5.329,0.000418,0.16,312966,0,goth
0.755,0.347,2,0,0.0792,2.99e-05,0.115,138.673,-13.853,0.154,0.634,240066,0,kids
0.782,0.463,2,1,0.0469,0.000119,0.302,122.091,-13.078,0.012,0.826,337544,0,chicago-house
0.242,0.959,11,1,0.0925,9.55e-05,0.301,103.797,-4.055,0.000286,0.432,137106,0,power-pop
0.604,0.596,0,1,0.0251,6.11e-06,0.352,130.683,-7.705,4.48e-05,0.366,184040,0,goth
0.0749,0.824,11,0,0.088,0.855,0.106,80.231,-7.492,0.0,0.322,272453,0,black-metal
0.486,0.611,9,1,0.0396,0.0,0.366,129.825,-5.39,0.267,0.902,125346,0,bluegrass
0.419,0.855,0,1,0.0327,0.0,0.272,154.098,-4.782,7.69e-05,0.261,257054,0,acoustic
0.45,0.931,1,1,0.0833,0.309,0.0978,192.152,-6.38,0.000393,0.673,278506,0,industrial
0.169,0.858,7,1,0.083,0.0787,0.413,93.981,-6.175,1.11e-05,0.333,220680,0,death-metal
0.417,0.979,2,0,0.0766,0.0642,0.103,112.223,-3.737,4.44e-06,0.422,212000,0,industrial
0.291,0.2,6,1,0.0297,1.2e-05,0.112,72.078,-14.747,0.612,0.262,255373,0,honky-tonk
0.193,0.977,4,1,0.177,0.179,0.322,153.672,-4.159,0.00412,0.0458,118186,0,grindcore
0.527,0.812,5,0,0.0359,8.67e-06,0.0941,124.965,-3.228,0.0018,0.287,231891,0,industrial
0.45,0.995,7,1,0.0726,0.887,0.0813,173.994,-3.784,2.72e-05,0.897,251866,0,drum-and-bass
0.587,0.599,9,1,0.0295,4.95e-05,0.107,123.725,-13.288,0.0389,0.867,264893,0,power-pop
0.61,0.808,6,1,0.0549,0.44,0.362,137.086,-5.957,0.0952,0.556,291373,0,afrobeat
0.441,0.976,8,0,0.147,0.0475,0.298,130.411,-3.09,0.000335,0.248,220413,0,alt-rock
0.615,0.385,7,1,0.0312,0.0,0.241,126.164,-9.68,0.876,0.728,143973,0,honky-tonk
0.344,0.932,0,1,0.0572,0.824,0.376,101.15,-4.348,1.15e-05,0.405,155098,0,power-pop
0.415,0.964,11,1,0.157,0.0344,0.484,178.567,-5.549,0.000509,0.326,437413,0,death-metal
0.457,0.962,2,1,0.0511,0.28,0.301,76.506,-6.733,2.29e-05,0.46,221506,0,heavy-metal
0.473,0.99,8,1,0.217,0.0391,0.0797,119.492,-3.537,4.54e-06,0.0371,212466,0,death-metal
0.509,0.257,11,1,0.0409,2.08e-06,0.378,144.761,-12.737,0.942,0.647,115866,0,honky-tonk
0.258,0.564,4,0,0.0467,0.583,0.17,114.917,-9.345,0.000628,0.037,275066,0,black-metal
0.356,0.981,1,1,0.0602,0.923,0.316,114.094,-13.364,3.62e-06,0.0469,115105,0,grindcore
0.563,0.396,4,1,0.0298,0.0,0.781,96.497,-11.916,0.854,0.782,119866,0,honky-tonk
0.253,0.72,6,1,0.0514,0.0025,0.111,82.477,-7.925,0.000558,0.533,337171,0,industrial
0.653,0.492,11,1,0.0274,7.06e-06,0.815,125.175,-8.913,0.599,0.613,155933,0,honky-tonk
0.688,0.2,0,1,0.0473,0.0,0.133,136.959,-15.908,0.78,0.765,214786,0,honky-tonk
0.376,0.701,2,1,0.0308,0.481,0.281,154.763,-9.47,0.274,0.72,484573,0,bluegrass
0.851,0.818,4,1,0.0789,2.94e-06,0.0945,119.006,-4.637,0.112,0.808,238906,0,dance
0.738,0.675,8,1,0.385,0.0,0.0935,91.474,-5.842,0.163,0.455,146400,0,j-dance
0.314,0.264,6,1,0.0417,0.0,0.101,92.669,-15.305,0.698,0.454,356600,0,world-music
0.396,0.42,5,1,0.0315,0.0,0.132,131.472,-8.238,0.694,0.355,467089,0,world-music
0.23,0.988,3,1,0.0948,0.715,0.0374,109.766,-5.06,1.1e-06,0.451,65093,0,grindcore
0.517,0.994,10,0,0.103,0.772,0.0641,146.972,-6.545,0.000537,0.175,347040,0,industrial
0.645,0.574,7,1,0.0917,9.21e-05,0.124,103.921,-12.268,0.56,0.748,362826,0,bluegrass
0.185,0.854,8,1,0.0446,0.0169,0.133,147.76,-3.532,0.00196,0.85,162912,0,power-pop
0.557,0.951,0,1,0.033,0.000172,0.157,93.97,-3.003,0.00194,0.528,214400,0,rock
0.177,0.911,10,1,0.0687,0.682,0.336,156.018,-6.871,4.31e-05,0.103,592493,0,black-metal
0.323,0.963,2,1,0.178,0.668,0.191,105.389,-4.97,1.51e-05,0.262,91378,0,grindcore
0.753,0.866,7,1,0.286,0.000114,0.327,171.901,-7.314,0.0517,0.598,146000,0,trip-hop
0.573,0.917,4,0,0.0527,0.00143,0.117,88.097,-6.892,0.007,0.467,340906,0,heavy-metal
0.261,0.947,11,1,0.0487,0.00326,0.31,185.942,-3.031,0.000193,0.552,206120,0,alt-rock
0.45,0.814,9,1,0.0503,0.0051,0.0633,140.143,-8.855,0.00043,0.561,232440,0,power-pop
0.35,0.953,5,0,0.0609,0.185,0.346,158.012,-7.106,1.32e-05,0.314,333733,0,black-metal
0.767,0.747,10,0,0.25,1.49e-06,0.138,164.882,-6.749,0.462,0.855,268946,0,funk
0.303,0.71,0,1,0.0292,0.00152,0.131,162.657,-3.545,0.00575,0.327,248640,0,rock
0.448,0.93,9,0,0.0623,0.00133,0.37,174.996,-5.753,2.66e-05,0.456,213308,0,metal
0.512,0.232,7,1,0.0249,0.00357,0.387,100.513,-12.126,0.926,0.245,225760,0,honky-tonk
0.485,0.268,11,1,0.0281,0.226,0.212,92.69,-14.994,0.703,0.471,186093,0,honky-tonk
0.308,0.901,2,0,0.0607,5.94e-05,0.0842,196.059,-5.85,0.000334,0.131,385714,0,black-metal
0.293,0.819,4,0,0.0519,0.136,0.19,83.852,-12.758,0.0199,0.189,362826,0,death-metal
0.764,0.776,11,0,0.0329,0.000512,0.327,119.92,-5.329,0.124,0.772,191778,0,hip-hop
0.824,0.62,5,0,0.199,0.0,0.115,96.448,-7.562,0.0736,0.412,211053,0,j-dance
0.273,0.93,0,1,0.0622,0.821,0.176,133.877,-8.294,9.43e-05,0.455,199600,0,power-pop
0.2,0.88,7,0,0.0744,0.239,0.134,171.199,-5.193,0.0129,0.0626,204076,0,black-metal
0.575,0.4,3,1,0.0598,0.00263,0.0536,110.199,-7.674,0.000348,0.0724,158103,0,garage
0.568,0.865,5,0,0.0318,0.0072,0.2,99.013,-5.267,0.000101,0.423,231240,0,heavy-metal
0.359,0.917,5,0,0.0387,0.305,0.263,174.012,-3.492,0.000968,0.144,264827,0,idm
0.577,0.708,4,0,0.0279,0.101,0.335,109.785,-5.841,0.688,0.78,140880,0,bluegrass
0.235,0.87,6,1,0.075,0.427,0.257,180.02,-6.355,0.000105,0.0815,681000,0,black-metal
0.576,0.504,9,1,0.0343,0.00434,0.0877,76.241,-8.346,0.00676,0.31,354506,0,industrial
0.578,0.959,11,1,0.0533,0.0001,0.0915,101.458,-3.051,0.00128,0.503,210040,0,industrial
0.238,0.898,10,0,0.0817,0.862,0.165,186.218,-5.789,1.12e-05,0.364,327560,0,black-metal
0.435,0.712,2,1,0.153,0.916,0.184,132.446,-8.452,0.000163,0.289,67725,0,grindcore
0.496,0.254,2,1,0.0274,0.00218,0.0983,81.845,-14.153,0.902,0.396,188000,0,honky-tonk
0.425,0.862,6,1,0.0486,0.000338,0.617,150.0,-5.183,0.000844,0.501,293973,0,heavy-metal
0.757,0.723,1,0,0.046,8.74e-06,0.0589,74.985,-3.783,0.13,0.399,266480,0,dancehall
0.288,0.84,0,1,0.0341,0.0,0.113,184.58,-3.404,0.00154,0.672,134920,0,power-pop
0.5,0.25,2,1,0.0339,0.0,0.325,129.805,-11.185,0.453,0.58,164200,0,honky-tonk
0.215,0.941,8,1,0.13,0.252,0.0602,126.529,-5.128,0.0,0.0328,274240,0,black-metal
0.751,0.486,1,1,0.0374,0.032,0.108,120.01,-10.746,0.331,0.408,194133,0,indie-pop
0.353,0.997,9,1,0.0769,0.0,0.26,155.615,-2.947,0.00259,0.526,147400,0,power-pop
0.309,0.993,7,0,0.125,0.00262,0.445,128.162,-2.462,0.000173,0.0769,98520,0,grindcore
0.393,0.977,11,0,0.102,0.000103,0.956,133.979,-4.176,1.72e-05,0.232,219040,0,industrial
0.668,0.473,10,1,0.0583,0.0,0.224,112.213,-14.607,0.443,0.888,140000,0,honky-tonk
0.306,0.961,5,0,0.178,0.118,0.0818,113.341,-7.48,2.97e-06,0.202,75746,0,grindcore
0.446,0.88,0,1,0.0607,0.0132,0.134,134.902,-6.519,0.00102,0.34,332480,0,goth
0.318,0.849,10,1,0.207,0.0251,0.325,141.374,-5.754,2.85e-05,0.222,210453,0,grindcore
0.563,0.879,0,0,0.0907,1.76e-05,0.166,107.013,-4.735,0.00125,0.602,197651,0,dance
0.655,0.393,7,0,0.0461,0.0,0.101,130.703,-13.969,0.0999,0.382,236933,0,rockabilly
0.507,0.951,9,1,0.0627,0.0,0.0545,161.384,-5.238,0.00371,0.512,125266,0,power-pop
0.617,0.952,2,1,0.168,0.0652,0.0253,111.924,-5.018,0.0226,0.62,230973,0,industrial
0.403,0.962,9,1,0.0868,0.0,0.301,186.911,-3.726,0.00158,0.664,138346,0,power-pop
0.389,0.685,7,1,0.0327,9.45e-05,0.122,75.019,-8.478,0.00859,0.125,298080,0,world-music
0.629,0.837,3,1,0.0291,0.439,0.115,125.013,-5.677,0.000725,0.772,234306,0,synth-pop
0.64,0.696,0,1,0.0269,0.00155,0.294,115.289,-8.37,0.000532,0.892,180533,0,power-pop
0.53,0.196,10,1,0.0285,1.61e-06,0.0975,105.624,-16.187,0.797,0.583,170946,0,honky-tonk
0.565,0.701,5,1,0.0445,0.0,0.125,150.9,-4.098,0.144,0.421,207911,0,trip-hop
0.262,0.677,7,1,0.0528,0.0,0.205,207.478,-5.645,0.447,0.365,197146,0,piano
0.658,0.688,8,1,0.0584,0.0,0.0934,84.431,-4.273,0.121,0.506,212720,0,j-dance
0.244,0.942,6,0,0.184,0.647,0.267,97.498,-4.074,4.24e-05,0.195,168680,0,grindcore
0.608,0.707,11,0,0.266,0.0,0.362,112.119,-9.369,0.204,0.472,161013,0,dancehall
0.229,0.413,5,0,0.0892,0.904,0.0644,119.816,-3.835,1.18e-06,0.0777,200687,0,black-metal
0.322,0.906,0,0,0.121,0.604,0.336,110.498,-8.75,4.29e-06,0.152,252720,0,black-metal
0.496,0.856,2,1,0.218,0.0,0.524,96.994,-4.196,0.287,0.307,188041,0,j-dance
0.668,0.614,7,0,0.0522,0.000168,0.312,95.073,-5.492,0.36,0.5,258760,0,trip-hop
0.441,0.889,1,0,0.0333,0.00398,0.084,92.584,-8.201,3.95e-05,0.74,222733,0,goth
0.258,0.97,6,1,0.196,0.883,0.251,94.51,-5.546,0.000324,0.432,71933,0,grindcore
0.574,0.844,6,1,0.0337,0.0,0.333,133.141,-9.179,0.0275,0.754,200333,0,synth-pop
0.541,0.759,7,1,0.0431,0.294,0.0998,120.048,-4.717,0.00185,0.314,239746,0,power-pop
0.528,0.718,7,1,0.0337,0.0,0.304,155.759,-6.954,0.1,0.51,221400,0,country
0.25,0.974,1,1,0.188,0.44,0.129,150.046,-5.143,3.61e-05,0.104,427506,0,black-metal
0.638,0.52,6,0,0.206,0.0104,0.203,193.634,-9.034,0.351,0.161,202945,0,j-dance
0.596,0.42,10,1,0.0255,0.0103,0.094,91.899,-10.584,0.776,0.431,188406,0,power-pop
0.176,0.753,0,1,0.044,0.839,0.199,102.101,-5.754,1.07e-05,0.47,129639,0,garage
0.453,0.983,1,1,0.154,0.126,0.0767,139.076,-5.828,4.6e-05,0.372,197284,0,industrial
0.664,0.326,10,1,0.0271,3.21e-06,0.103,93.855,-12.98,0.738,0.555,182440,0,honky-tonk
0.259,0.88,10,1,0.112,0.965,0.408,125.287,-11.59,0.00327,0.0364,96840,0,grindcore
0.43,0.375,11,1,0.0289,0.376,0.316,128.791,-9.949,0.374,0.189,277960,0,rock
0.316,0.908,1,1,0.0489,0.241,0.12,177.052,-8.746,8.26e-05,0.564,261213,0,black-metal
0.726,0.7,6,0,0.121,0.367,0.0713,142.988,-5.958,0.00343,0.339,408827,0,hardstyle
0.262,0.712,10,0,0.0906,0.775,0.37,125.433,-13.353,0.00558,0.319,135213,0,grindcore
0.654,0.934,1,1,0.0389,0.00433,0.0872,109.97,-4.388,0.00134,0.231,222826,0,industrial
0.297,0.817,9,0,0.121,0.297,0.18,125.225,-10.017,0.00062,0.0744,113346,0,grindcore
0.61,0.693,4,0,0.0337,4.58e-05,0.339,104.024,-7.91,0.632,0.701,177240,0,bluegrass
0.16,0.993,8,1,0.332,0.629,0.341,167.903,-4.662,4.98e-05,0.256,228933,0,grindcore
0.33,0.99,2,0,0.0779,0.0055,0.136,119.014,-2.484,1.6e-06,0.0712,252400,0,grindcore
0.512,0.953,0,1,0.0846,0.649,0.136,119.984,-5.724,2.78e-05,0.442,318746,0,iranian
0.347,0.979,7,1,0.0688,0.00186,0.19,199.901,-3.828,2.61e-05,0.467,118266,0,power-pop
0.364,0.977,4,1,0.0908,0.0,0.413,148.944,-7.351,0.313,0.385,197373,0,power-pop
0.578,0.734,7,1,0.0306,0.000103,0.1,118.503,-10.207,0.000182,0.943,183693,0,power-pop
0.69,0.39,0,1,0.0349,0.0,0.1,113.441,-8.573,0.679,0.645,166786,0,honky-tonk
0.275,0.949,9,1,0.0953,0.013,0.304,75.841,-7.404,0.00139,0.421,534933,0,death-metal
0.461,0.933,9,1,0.0447,0.0447,0.13,139.982,-8.366,4.05e-06,0.12,221007,0,death-metal
0.489,0.998,10,0,0.111,0.00783,0.225,174.957,-1.725,0.0077,0.678,272952,0,happy
0.593,0.749,0,0,0.383,0.0,0.0727,119.101,-4.653,0.0814,0.597,167444,0,j-dance
0.878,0.607,1,1,0.0692,2.11e-06,0.518,96.061,-7.253,0.376,0.926,109818,0,kids
0.324,0.0655,10,0,0.11,0.0,0.964,180.082,-17.031,0.874,0.471,164666,0,bluegrass
0.306,0.826,2,1,0.0642,0.96,0.0697,102.706,-9.074,1.67e-06,0.431,83906,0,grindcore
0.579,0.976,11,0,0.0908,0.0526,0.959,149.951,-4.063,0.00872,0.0558,257152,0,hardstyle
0.582,0.999,0,1,0.067,0.277,0.824,144.983,-6.175,0.0119,0.156,254226,0,happy
0.565,0.632,11,1,0.0305,0.458,0.0842,118.658,-7.209,0.56,0.658,281880,0,bluegrass
0.383,0.951,0,1,0.104,0.0,0.261,110.584,-3.743,0.00607,0.668,206826,0,industrial
0.503,0.0205,7,0,0.285,0.0,0.0961,76.482,-28.123,0.845,0.0394,167533,0,show-tunes
0.295,0.841,2,1,0.0414,0.0301,0.0586,152.145,-6.161,3.98e-05,0.676,145186,0,power-pop
0.7,0.729,9,0,0.0878,0.00209,0.0967,127.988,-10.157,0.436,0.735,222226,0,trip-hop
0.536,0.307,7,1,0.031,0.0,0.337,120.991,-12.155,0.494,0.614,148533,0,honky-tonk
0.415,0.929,1,1,0.0951,0.909,0.218,120.024,-5.533,3.54e-06,0.311,289333,0,iranian
0.569,0.28,7,1,0.0249,1.47e-06,0.202,76.127,-12.913,0.852,0.373,152400,0,honky-tonk
0.449,0.913,11,0,0.0578,0.0,0.132,180.016,-6.399,8.15e-05,0.457,297668,0,industrial
0.502,0.799,1,1,0.316,0.0,0.325,168.611,-6.498,0.133,0.779,204546,0,j-dance
0.685,0.886,9,1,0.0323,0.0,0.0362,116.222,-10.653,0.0328,0.819,178506,0,rock
0.452,0.883,2,1,0.0488,0.668,0.0605,140.145,-5.871,1.53e-05,0.39,351333,0,black-metal
0.221,0.992,1,0,0.195,0.000271,0.226,93.706,-4.172,9.71e-05,0.0739,170680,0,death-metal
0.501,0.965,9,0,0.213,0.0,0.8,132.013,-3.151,0.0331,0.711,203106,0,garage
0.233,0.964,7,0,0.0847,0.063,0.133,109.324,-8.144,2.1e-05,0.119,308847,0,black-metal
0.487,0.456,9,1,0.0349,0.00962,0.119,118.035,-7.037,0.00663,0.037,415933,0,black-metal
0.456,0.314,9,0,0.0399,0.874,0.0804,105.918,-11.722,0.468,0.167,324573,0,idm
0.653,0.667,10,0,0.0423,0.0,0.107,104.181,-6.764,0.154,0.556,213869,0,dance
0.582,0.705,3,1,0.0539,1.38e-06,0.797,128.89,-8.169,0.29,0.64,181360,0,soul
0.531,0.0134,9,1,0.0537,0.0,0.114,63.963,-21.313,0.978,0.31,169000,0,bluegrass
0.48,0.13,8,1,0.0289,0.000105,0.127,82.184,-15.977,0.548,0.448,157920,0,honky-tonk
0.406,0.354,7,1,0.0455,0.0,0.341,78.477,-8.701,0.233,0.58,245133,0,power-pop
0.269,0.893,7,1,0.0397,0.0,0.498,178.687,-3.595,0.00018,0.879,115466,0,power-pop
0.538,0.95,0,1,0.0527,0.0,0.963,109.796,-6.607,0.000697,0.802,84680,0,power-pop
0.393,0.991,1,0,0.193,3.21e-06,0.263,100.062,-4.52,5.17e-05,0.0547,80306,0,grindcore
0.463,0.981,11,1,0.0488,1.13e-05,0.348,110.005,-4.448,0.00018,0.693,129960,0,power-pop
0.326,0.978,6,1,0.158,1.17e-06,0.257,86.73,-4.566,0.000405,0.189,310640,0,metalcore
0.274,0.996,3,1,0.131,0.676,0.349,110.858,-1.348,0.000825,0.0357,56360,0,grindcore
0.222,0.986,2,1,0.0822,0.828,0.153,154.426,-9.135,0.0,0.0545,191226,0,black-metal
0.454,0.796,3,1,0.0311,0.00253,0.178,113.292,-7.999,0.000154,0.909,226600,0,power-pop
0.544,0.519,11,1,0.0278,0.499,0.186,119.962,-10.731,0.00432,0.0708,249000,0,idm
0.0848,0.991,11,0,0.0769,0.45,0.219,178.755,-8.197,0.00817,0.108,188772,0,black-metal
0.41,0.946,5,1,0.066,0.0,0.35,135.036,-3.776,0.00692,0.0781,240381,0,black-metal
0.353,0.539,0,0,0.0686,0.717,0.347,93.782,-14.21,0.0037,0.24,112626,0,grindcore
0.54,0.797,7,0,0.0617,0.165,0.12,128.291,-10.777,0.434,0.935,288933,0,afrobeat
0.625,0.594,7,1,0.0293,0.0,0.23,104.041,-5.279,0.323,0.609,169720,0,kids
0.427,0.764,8,1,0.0371,0.136,0.111,127.982,-5.461,9.69e-05,0.0355,205586,0,goth
0.549,0.957,2,1,0.0752,0.24,0.34,115.044,-5.38,0.00155,0.175,276600,0,goth
0.576,0.889,9,1,0.0425,0.597,0.237,119.982,-6.259,0.00125,0.217,368465,0,death-metal
0.361,0.974,11,0,0.235,0.364,0.376,112.296,-8.603,2.99e-05,0.237,255706,0,grindcore
0.64,0.487,4,1,0.0464,0.0,0.166,117.534,-14.023,0.546,0.907,143973,0,rockabilly
0.318,0.994,1,1,0.202,0.596,0.181,96.76,-3.291,1.05e-05,0.126,160133,0,grindcore
0.521,0.495,5,1,0.027,0.0,0.296,135.061,-7.756,0.128,0.116,339196,0,acoustic
0.567,0.957,6,1,0.057,5.7e-05,0.333,104.999,-4.154,3.13e-05,0.444,241114,0,death-metal
0.485,0.192,7,1,0.0571,0.0,0.109,137.418,-15.762,0.947,0.418,178266,0,honky-tonk
0.189,0.995,11,1,0.262,0.848,0.115,130.542,-5.835,8.25e-06,0.0385,58573,0,grindcore
0.301,0.422,4,1,0.029,0.0,0.0666,78.411,-7.561,0.62,0.208,258399,0,opera
0.527,0.934,8,1,0.0405,7.8e-06,0.132,138.95,-4.753,0.0103,0.469,301796,0,power-pop
0.595,0.582,1,1,0.0368,0.695,0.0914,87.002,-4.035,0.00235,0.0398,304437,0,drum-and-bass
0.183,0.793,7,1,0.0336,0.00303,0.104,89.238,-4.01,0.00197,0.163,369720,0,goth
0.279,0.938,8,1,0.129,0.77,0.0936,82.599,-5.974,0.000326,0.145,72678,0,grindcore
0.315,0.973,4,1,0.103,0.00195,0.441,148.642,-6.158,3.74e-05,0.5,203426,0,power-pop
0.66,0.529,0,1,0.0289,0.0401,0.178,133.64,-9.178,0.543,0.802,143333,0,bluegrass
0.565,0.284,4,1,0.0278,3.47e-06,0.105,136.014,-10.222,0.775,0.241,262786,0,bluegrass
0.375,0.939,0,1,0.0461,0.0,0.229,205.879,-4.071,0.000477,0.743,251417,0,j-dance
0.596,0.803,8,0,0.351,0.0,0.0937,128.643,-2.808,0.145,0.478,156917,0,j-dance
0.447,0.509,0,1,0.0279,0.00136,0.0809,83.916,-7.236,0.894,0.285,218133,0,rockabilly
0.208,0.928,4,0,0.0726,0.0,0.343,198.843,-10.943,0.00215,0.587,220333,0,goth
0.36,0.729,6,1,0.122,0.894,0.077,114.877,-3.251,6.46e-06,0.0764,232744,0,black-metal
0.616,0.884,2,1,0.24,0.656,0.0726,159.982,-5.048,0.105,0.613,294794,0,idm
0.337,0.981,8,1,0.141,0.000717,0.0697,176.995,-3.54,6.68e-05,0.228,229973,0,grunge
0.728,0.882,0,0,0.276,0.0,0.269,111.921,-3.306,0.336,0.658,177857,0,j-dance
0.2,0.973,6,0,0.0784,0.000521,0.331,124.365,-3.391,2.98e-05,0.148,211493,0,black-metal
0.502,0.837,7,1,0.032,3.11e-06,0.183,145.139,-4.582,0.000239,0.705,158346,0,power-pop
0.464,0.966,5,0,0.0828,0.00661,0.0535,92.596,-5.561,3.37e-05,0.453,230213,0,death-metal
0.268,0.99,7,1,0.173,0.449,0.5,82.42,-5.689,0.000356,0.0417,77484,0,grindcore
0.295,0.993,4,1,0.113,0.0523,0.091,108.451,-5.378,2.26e-05,0.189,296866,0,death-metal
0.607,0.283,0,1,0.032,4.43e-05,0.0881,131.348,-12.599,0.686,0.581,159440,0,honky-tonk
0.694,0.561,9,1,0.344,0.0,0.163,180.105,-10.436,0.0461,0.42,194000,0,malay
0.376,0.701,7,1,0.0364,0.0006,0.12,168.903,-7.556,0.0912,0.492,219906,0,power-pop
0.549,0.605,5,0,0.0412,1.1e-06,0.123,112.037,-11.541,0.123,0.357,244200,0,new-age
0.576,0.758,3,0,0.393,0.0,0.113,66.82,-2.53,0.255,0.36,167336,0,j-dance
0.622,0.842,9,0,0.0514,0.556,0.54,109.032,-10.034,0.0895,0.307,348946,0,trip-hop
0.722,0.797,1,0,0.407,0.0,0.0618,93.652,-7.231,0.352,0.942,209372,0,j-dance
0.228,0.954,11,0,0.192,0.135,0.0856,93.682,-4.264,5.74e-06,0.239,154320,0,grindcore
0.533,0.882,4,1,0.0637,0.0,0.183,124.071,-4.445,0.0192,0.655,164829,0,power-pop
0.069,0.721,0,0,0.0708,0.891,0.134,70.306,-6.426,0.000429,0.0351,280600,0,black-metal
0.1,0.925,9,0,0.0818,0.708,0.0485,85.405,-7.157,9.72e-06,0.035,142986,0,black-metal
0.399,0.884,7,1,0.359,0.00383,0.85,174.045,-5.557,0.573,0.231,88510,0,club
0.455,0.979,4,0,0.0939,0.000954,0.0844,130.025,-2.631,4.1e-05,0.204,241750,0,death-metal
0.775,0.942,8,1,0.294,0.0,0.0626,105.047,-0.429,0.0743,0.468,224000,0,j-dance
0.793,0.617,7,1,0.0766,0.00402,0.165,134.909,-4.32,0.0464,0.418,224613,0,dance
0.458,0.897,10,0,0.0674,0.0,0.103,154.834,-5.006,0.005,0.602,204760,0,emo
0.475,0.0924,5,1,0.0311,0.0,0.111,93.834,-10.283,0.819,0.206,230493,0,bluegrass
0.516,0.87,9,1,0.0419,1.08e-06,0.303,169.323,-6.204,0.163,0.807,180800,0,bluegrass
0.55,0.835,2,0,0.0603,5.5e-06,0.0616,129.16,-13.966,0.124,0.498,237493,0,goth
0.622,0.92,10,1,0.0815,2.37e-05,0.36,112.109,-4.745,0.0117,0.49,122160,0,death-metal
0.821,0.429,7,1,0.0347,2.49e-06,0.0513,110.094,-9.391,0.412,0.897,82306,0,children
0.608,0.547,8,1,0.145,0.0,0.0734,179.888,-5.691,0.0889,0.403,197853,0,dance
0.208,0.902,2,0,0.0594,0.00104,0.0558,130.995,-5.759,0.000279,0.136,411786,0,death-metal
0.69,0.513,0,1,0.154,0.0,0.0945,147.07,-9.43,0.154,0.345,212285,0,j-dance
0.244,0.977,9,1,0.109,0.9,0.118,101.945,-5.353,1.53e-06,0.111,120786,0,grindcore
0.58,0.874,2,0,0.0482,1.89e-06,0.237,121.085,-5.163,9.28e-05,0.548,222223,0,heavy-metal
0.127,0.39,2,1,0.0304,1.26e-06,0.119,89.024,-7.361,0.296,0.132,194826,0,opera
0.662,0.772,4,1,0.138,0.0,0.143,91.678,-3.711,0.66,0.655,189079,0,j-dance
0.587,0.319,5,1,0.0298,0.0276,0.176,103.833,-14.687,0.265,0.475,210040,0,honky-tonk
0.299,0.855,9,1,0.152,0.891,0.31,94.53,-6.346,9.57e-06,0.396,199366,0,grindcore
0.699,0.757,11,0,0.396,0.0,0.114,133.34,-4.022,0.0789,0.625,165600,0,j-dance
0.537,0.893,5,0,0.0625,1.27e-06,0.22,115.083,-3.719,0.000215,0.467,187333,0,industrial
0.376,0.995,0,1,0.14,0.0,0.345,202.721,-4.236,0.000487,0.459,150906,0,power-pop
0.489,0.787,1,0,0.0345,0.00154,0.635,127.99,-6.605,6.53e-05,0.371,244373,0,industrial
0.579,0.635,10,1,0.0393,1.25e-06,0.15,139.456,-7.385,0.302,0.612,258293,0,rock
0.51,0.908,2,1,0.0788,0.00406,0.194,136.448,-6.758,0.014,0.838,162611,0,garage
0.512,0.522,0,1,0.0282,0.203,0.119,134.943,-8.077,0.226,0.0734,338520,0,goth
0.535,0.576,4,1,0.0547,0.0,0.163,168.299,-9.795,0.484,0.955,114066,0,honky-tonk
0.286,0.959,11,1,0.0603,0.572,0.196,106.483,-8.936,7.11e-06,0.41,142866,0,grindcore
0.539,0.169,6,1,0.0293,0.00607,0.0996,98.697,-17.49,0.823,0.637,150973,0,honky-tonk
0.241,0.96,5,0,0.112,0.552,0.173,80.543,-5.284,2.9e-05,0.12,234253,0,death-metal
0.561,0.87,6,1,0.0715,0.776,0.0556,115.045,-7.333,1.14e-05,0.296,239320,0,black-metal
0.516,0.576,1,0,0.106,2.88e-06,0.0909,142.315,-8.382,0.134,0.702,175203,0,j-dance
0.444,0.426,7,1,0.0324,0.0,0.368,132.755,-10.28,0.179,0.83,141666,0,honky-tonk
0.43,0.962,10,0,0.153,0.0989,0.51,170.078,-4.63,0.00806,0.316,163346,0,death-metal
0.531,0.197,6,1,0.0269,0.0,0.0876,83.209,-15.302,0.838,0.235,232186,0,honky-tonk
0.218,0.91,5,1,0.102,6.04e-06,0.0964,182.998,-4.083,0.000611,0.258,302666,0,industrial
0.524,0.954,9,1,0.0527,0.0534,0.0363,130.057,-5.657,3.27e-05,0.57,251786,0,heavy-metal
0.533,0.922,9,0,0.105,0.0,0.535,140.036,-4.183,0.227,0.372,285320,0,industrial
0.711,0.378,11,1,0.13,0.0,0.446,82.356,-14.245,0.845,0.539,146866,0,honky-tonk
0.505,0.568,7,1,0.027,0.0,0.163,119.935,-4.344,0.0211,0.21,275157,0,industrial
0.291,0.973,10,0,0.183,0.00376,0.205,122.808,-5.093,1.64e-05,0.334,135480,0,grindcore
0.252,0.95,1,1,0.0718,0.913,0.366,169.037,-6.846,1.44e-06,0.158,212807,0,grindcore
0.199,0.964,2,1,0.21,0.00646,0.0575,76.065,-4.667,0.000754,0.155,431098,0,death-metal
0.665,0.902,4,0,0.0429,0.000684,0.107,116.792,-6.319,0.049,0.517,333860,0,chicago-house
0.206,0.99,7,1,0.125,0.77,0.624,154.825,-3.993,2.96e-06,0.0807,213280,0,grindcore
0.464,0.17,10,1,0.0285,0.0769,0.112,77.005,-14.902,0.893,0.0874,187826,0,opera
0.366,0.209,4,1,0.0297,2.26e-05,0.193,99.082,-15.68,0.866,0.549,162680,0,honky-tonk
0.271,0.563,6,1,0.0386,1.49e-05,0.177,176.713,-8.573,0.577,0.195,204360,0,rockabilly
0.252,0.957,1,1,0.0685,0.435,0.0934,102.035,-11.307,1.24e-05,0.129,188173,0,grindcore
0.724,0.993,10,0,0.0593,0.665,0.357,103.982,-11.822,0.0587,0.165,305066,0,industrial
0.496,0.887,11,0,0.0474,0.00521,0.518,155.99,-6.001,1.27e-05,0.549,164257,0,black-metal
0.461,0.975,8,0,0.0444,0.643,0.104,162.032,-4.471,9.17e-05,0.733,272573,0,industrial
0.226,0.827,8,0,0.0521,0.103,0.106,108.142,-8.358,2.76e-05,0.284,527080,0,black-metal
0.652,0.766,11,1,0.0345,6.34e-06,0.0739,110.011,-6.481,0.000761,0.641,227813,0,punk-rock
0.227,0.991,1,1,0.154,0.00458,0.058,91.042,-4.537,2.3e-05,0.117,109293,0,black-metal
0.509,0.999,7,1,0.149,0.81,0.584,124.995,-2.001,2.31e-05,0.136,230373,0,death-metal
0.265,0.481,10,1,0.0295,0.000357,0.106,184.119,-8.704,0.509,0.418,227240,0,opera
0.34,0.291,9,1,0.0296,0.0,0.216,145.213,-10.67,0.712,0.514,173946,0,honky-tonk
0.568,0.886,4,1,0.0419,0.23,0.206,137.681,-4.355,0.000537,0.218,575226,0,death-metal
0.626,0.726,4,1,0.0704,1.7e-05,0.533,140.444,-6.005,0.163,0.459,186226,0,power-pop
0.418,0.377,6,1,0.0327,0.0,0.0928,137.485,-8.771,0.709,0.193,248493,0,opera
0.485,0.684,2,1,0.0348,0.0,0.128,121.635,-3.151,0.000196,0.374,265933,0,industrial
0.638,0.367,4,1,0.0266,0.0,0.0999,71.957,-7.906,0.84,0.219,217120,0,country
0.406,0.567,5,1,0.036,0.0178,0.24,116.474,-7.24,0.605,0.767,152106,0,honky-tonk
0.405,0.469,0,1,0.0437,0.0,0.383,205.402,-12.32,0.452,0.921,156720,0,honky-tonk
0.735,0.518,2,1,0.0702,0.858,0.111,109.002,-14.334,0.223,0.164,373761,0,chicago-house
0.619,0.615,4,0,0.0391,0.0222,0.055,119.935,-17.641,0.0511,0.545,247840,0,industrial
0.807,0.204,0,0,0.0602,5.45e-05,0.116,89.997,-16.155,0.13,0.782,281480,0,trip-hop
0.355,0.982,6,0,0.0916,0.0528,0.439,85.846,-4.614,1.07e-05,0.352,250346,0,grindcore
0.637,0.729,9,1,0.0326,0.0655,0.129,121.922,-7.588,0.59,0.368,203000,0,bluegrass
0.597,0.588,7,1,0.0344,1.12e-05,0.159,103.37,-13.894,0.746,0.966,134600,0,honky-tonk
0.524,0.987,0,1,0.0638,0.00406,0.262,135.003,-2.426,0.0037,0.441,173373,0,death-metal
0.213,0.907,6,1,0.078,0.807,0.121,159.903,-6.146,2.5e-05,0.091,703425,0,grindcore
0.706,0.782,2,1,0.0278,4.86e-06,0.0813,104.983,-4.353,0.21,0.418,228573,0,dance
0.24,0.761,0,0,0.0579,0.969,0.233,124.318,-10.264,2.62e-06,0.506,49026,0,grindcore
0.811,0.653,7,1,0.0908,0.909,0.191,91.952,-8.526,0.149,0.409,358466,0,breakbeat
0.198,0.983,6,1,0.108,0.000898,0.76,142.749,-5.233,0.0768,0.56,164853,0,power-pop
0.278,0.967,10,0,0.097,0.963,0.333,177.44,-2.299,5.97e-06,0.0561,237000,0,death-metal
0.644,0.34,0,1,0.027,0.0,0.0829,129.997,-6.759,0.491,0.298,226786,0,acoustic
0.643,0.682,7,1,0.0327,2.43e-06,0.21,138.001,-10.123,0.319,0.923,278266,0,trip-hop
0.51,0.863,9,0,0.0533,1.04e-05,0.0622,155.324,-11.168,0.0836,0.72,226600,0,synth-pop
0.653,0.804,7,0,0.0627,0.919,0.0845,148.026,-12.356,3.37e-05,0.632,271751,0,industrial
0.528,0.423,2,1,0.025,0.00215,0.276,84.097,-10.147,0.0717,0.474,224426,0,power-pop
0.34,0.911,0,0,0.0566,0.933,0.0402,192.0,-7.885,1.59e-06,0.207,431400,0,black-metal
0.249,0.954,9,0,0.0434,2.92e-05,0.234,185.472,-3.262,0.000125,0.851,187800,0,psych-rock
0.29,0.966,7,1,0.0906,0.833,0.167,187.175,-3.229,0.0118,0.619,119352,0,power-pop
0.153,0.83,0,1,0.163,0.267,0.0637,82.773,-17.787,0.00161,0.121,483586,0,black-metal
0.243,0.97,2,1,0.134,3.07e-06,0.314,126.654,-3.483,9e-05,0.255,205684,0,metalcore
0.121,0.99,2,1,0.108,0.00358,0.112,180.059,-4.584,5.74e-05,0.405,469653,0,black-metal
0.455,0.887,9,0,0.0342,0.554,0.116,136.103,-6.57,3.08e-06,0.439,287466,0,black-metal
0.228,0.88,2,1,0.052,0.0,0.516,138.854,-3.844,0.000447,0.197,244080,0,goth
0.309,0.434,11,0,0.0356,0.00155,0.317,91.026,-11.351,0.474,0.462,379133,0,opera
0.595,0.921,0,1,0.0987,0.0,0.812,102.35,-7.329,0.179,0.937,208840,0,disco
0.378,0.372,2,1,0.033,1.03e-06,0.382,183.643,-11.719,0.929,0.561,112200,0,honky-tonk
0.199,0.942,5,1,0.0804,0.236,0.288,151.757,-5.304,1.36e-05,0.152,414866,0,black-metal
0.641,0.696,7,1,0.0281,2.47e-06,0.0852,112.069,-7.108,0.468,0.458,272826,0,synth-pop
0.708,0.8,9,0,0.448,0.0,0.2,111.29,-3.641,0.155,0.577,169893,0,j-dance
0.748,0.31,8,1,0.0448,0.0,0.136,129.924,-8.917,0.488,0.499,148333,0,jazz
0.381,0.981,4,0,0.175,0.0,0.337,152.886,-2.458,0.000851,0.463,217120,0,death-metal
0.297,0.902,10,0,0.0797,0.863,0.151,108.129,-4.846,2.86e-06,0.291,92319,0,grindcore
0.615,0.998,10,0,0.22,0.0,0.367,134.048,-2.075,0.00221,0.44,247773,0,industrial
0.77,0.911,2,0,0.0919,1.22e-05,0.187,105.946,-4.605,0.351,0.573,176626,0,breakbeat
0.618,0.761,6,1,0.0872,0.374,0.0812,150.051,-4.882,0.0961,0.167,317666,0,hardstyle
0.546,0.969,11,0,0.0512,5.11e-05,0.142,114.984,-5.05,0.00196,0.46,268426,0,industrial
0.673,0.799,7,1,0.287,1.8e-06,0.0987,130.169,-6.584,0.0387,0.936,199392,0,j-dance
0.299,0.842,6,0,0.111,0.691,0.0742,111.323,-8.981,1.16e-05,0.469,335306,0,death-metal
0.536,0.79,11,0,0.0631,0.14,0.107,101.985,-7.613,0.00183,0.467,231580,0,synth-pop
0.404,0.882,10,1,0.0688,2.91e-06,0.91,124.891,-5.726,0.00123,0.295,303423,0,goth
0.885,0.571,0,1,0.0796,0.00016,0.0458,147.966,-6.717,0.0698,0.963,109230,0,comedy
0.584,0.928,6,1,0.24,8.24e-06,0.306,91.69,-5.555,0.00199,0.947,105226,0,industrial
0.42,0.935,0,1,0.169,0.00316,0.285,187.821,-5.686,0.0111,0.481,83613,0,power-pop
0.598,0.971,9,0,0.0374,0.896,0.321,116.035,-4.895,7.21e-06,0.664,323226,0,industrial
0.492,0.818,1,1,0.332,0.0,0.125,132.824,-6.253,0.441,0.691,166373,0,j-dance
0.333,0.902,11,1,0.0459,0.000792,0.143,154.889,-4.831,7.3e-05,0.782,81199,0,garage
0.239,0.966,1,1,0.149,0.895,0.346,104.888,-6.104,0.000931,0.366,324106,0,grindcore
0.293,0.441,7,1,0.0384,0.184,0.092,82.474,-9.799,0.348,0.282,314533,0,synth-pop
0.277,0.99,11,1,0.405,0.485,0.282,172.366,-4.318,0.000795,0.332,223226,0,industrial
0.349,0.874,2,1,0.0457,0.82,0.0867,122.953,-6.27,2.24e-05,0.56,101453,0,grindcore
0.234,0.984,11,0,0.0809,0.233,0.381,136.523,-1.456,4.59e-05,0.135,286853,0,black-metal
0.353,0.474,6,1,0.035,0.00298,0.239,175.733,-8.609,0.55,0.645,186813,0,bluegrass
0.505,0.525,11,0,0.0369,1.09e-05,0.135,179.874,-8.732,0.623,0.745,287506,0,bluegrass
0.165,0.997,9,0,0.236,0.857,0.222,95.92,-1.8,0.00222,0.0383,136466,0,grindcore
0.449,0.259,9,1,0.0259,0.0,0.206,90.201,-9.172,0.804,0.506,154120,0,honky-tonk
0.59,0.992,0,1,0.0809,0.46,0.495,96.429,-3.334,0.000137,0.211,223133,0,power-pop
0.172,0.955,2,1,0.0969,0.734,0.296,170.256,-7.113,2.62e-06,0.237,297611,0,death-metal
0.451,0.988,9,1,0.157,0.514,0.19,106.261,-5.03,0.000108,0.308,153960,0,power-pop
0.779,0.858,1,1,0.315,0.0,0.0409,101.685,-5.163,0.0175,0.876,172872,0,j-dance
0.26,0.968,8,1,0.197,0.531,0.0801,136.935,-4.962,5.26e-06,0.179,79000,0,grindcore
0.534,0.983,0,0,0.058,0.0295,0.487,140.545,-9.253,0.00775,0.195,157666,0,happy
0.668,0.62,7,1,0.186,0.004,0.0804,80.016,-7.878,0.0846,0.395,382306,0,trip-hop
0.151,0.409,5,1,0.0317,0.000118,0.155,78.797,-6.936,0.786,0.176,199960,0,opera
0.65,0.736,0,1,0.0378,0.0,0.0998,129.941,-5.222,0.122,0.595,123400,0,country
0.258,0.979,9,1,0.126,0.000211,0.0709,97.765,-4.029,9.75e-06,0.141,263120,0,industrial
0.199,0.977,9,1,0.0714,0.0,0.388,187.537,-4.057,0.0022,0.368,67480,0,power-pop
0.65,0.943,1,1,0.0862,0.714,0.0578,174.003,-5.265,2.5e-05,0.649,319476,0,drum-and-bass
0.663,0.796,11,1,0.0384,7.54e-05,0.112,123.951,-5.922,0.038,0.758,248066,0,power-pop
0.581,0.427,4,1,0.0325,0.000809,0.0809,85.724,-10.369,0.734,0.797,170800,0,honky-tonk
0.625,0.272,4,1,0.0399,0.00246,0.152,141.119,-12.295,0.731,0.218,309120,0,comedy
0.262,0.99,0,0,0.119,0.941,0.0561,124.247,-7.053,4.03e-05,0.213,191706,0,death-metal
0.54,0.723,11,0,0.0356,0.00183,0.151,112.079,-6.676,0.0902,0.306,233293,0,synth-pop
0.618,0.295,9,0,0.031,6.26e-06,0.138,126.026,-8.871,0.861,0.129,115826,0,club
0.586,0.631,5,1,0.0265,0.192,0.0795,139.99,-9.646,0.0146,0.492,467186,0,industrial
0.341,0.893,11,1,0.102,1.72e-05,0.0671,103.782,-4.896,0.00136,0.463,267613,0,industrial
0.665,0.711,11,0,0.0285,0.0313,0.0964,97.816,-9.42,0.00237,0.81,223666,0,goth
0.255,0.879,7,1,0.131,0.862,0.162,115.033,-8.779,8.82e-06,0.363,237213,0,death-metal
0.29,0.0372,8,1,0.0415,0.918,0.23,82.141,-17.504,0.943,0.197,106559,0,idm
0.513,0.37,8,1,0.032,0.0124,0.0991,131.072,-17.108,0.0131,0.509,305000,0,goth
0.622,0.816,6,0,0.0483,0.578,0.0991,136.007,-11.095,0.00959,0.427,398152,0,trip-hop
0.243,0.968,1,1,0.135,0.952,0.162,100.255,-5.706,0.00966,0.0792,165573,0,black-metal
0.656,0.762,8,1,0.0335,0.339,0.169,106.154,-5.144,0.00138,0.811,177733,0,rockabilly
0.202,0.977,1,1,0.0809,0.837,0.322,110.434,-4.243,1.55e-06,0.378,181480,0,grindcore
0.399,0.439,11,1,0.0285,0.000254,0.13,132.753,-9.153,0.494,0.125,227000,0,new-age
0.302,0.934,9,1,0.076,0.0273,0.15,154.148,-6.267,0.00435,0.537,195986,0,power-pop
0.855,0.954,0,0,0.264,0.0,0.205,114.635,-1.19,0.529,0.668,248133,1,hip-hop
0.949,0.661,5,0,0.0572,0.0,0.0454,104.504,-4.244,0.0302,0.76,284200,1,hip-hop
0.39,0.397,0,0,0.0513,0.0,0.207,144.031,-9.963,0.287,0.246,354947,1,rock
0.908,0.669,7,1,0.0738,0.0,0.237,112.238,-2.827,0.00286,0.662,290320,1,hip-hop
0.273,0.952,11,1,0.0843,0.0111,0.142,100.271,-8.762,0.0169,0.472,405640,1,hard-rock
0.743,0.446,4,0,0.0683,0.118,0.337,123.596,-7.807,0.0039,0.278,232106,1,alt-rock
0.451,0.931,9,1,0.0719,0.0049,0.361,122.961,-3.871,0.00076,0.172,302840,1,alt-rock
0.763,0.803,1,1,0.0351,0.285,0.348,103.04,-3.713,0.0709,0.561,229640,1,alt-rock
0.702,0.773,10,0,0.0343,0.00871,0.147,103.564,-9.256,0.0288,0.953,285373,1,disco
0.481,0.262,7,1,0.0414,0.0114,0.832,122.861,-15.73,0.735,0.375,334743,1,psych-rock
0.447,0.848,2,1,0.222,7.46e-05,0.65,172.253,-6.175,0.033,0.485,205200,1,indie-pop
0.706,0.751,9,1,0.0708,0.0,0.168,91.031,-6.323,0.173,0.195,182306,1,dance
0.64,0.864,7,1,0.0314,0.0,0.123,102.026,-6.576,0.00832,0.701,268360,1,grunge
0.559,0.345,4,1,0.0459,0.000105,0.141,84.581,-13.496,0.0576,0.458,264306,1,alt-rock
0.414,0.428,0,1,0.0278,0.000243,0.148,145.075,-11.097,0.382,0.282,377093,1,piano
0.513,0.442,4,1,0.0343,0.000838,0.0878,81.201,-13.529,0.00731,0.243,229226,1,alt-rock
0.762,0.508,3,1,0.0919,0.00126,0.16,93.51,-9.112,0.0584,0.37,302346,1,soul
0.634,0.526,5,0,0.0333,0.0,0.257,90.087,-7.881,0.339,0.623,235800,1,dance
0.897,0.611,11,1,0.211,0.186,0.0894,102.304,-10.489,0.0291,0.769,208266,1,hardcore
0.855,0.587,8,1,0.0336,0.00714,0.105,111.97,-4.589,0.0505,0.64,177466,1,soul
0.818,0.705,6,1,0.177,0.00233,0.613,138.559,-6.679,0.00836,0.772,222640,1,alternative
0.747,0.52,10,0,0.0357,0.0537,0.142,92.869,-10.523,0.0977,0.601,232773,1,funk
0.735,0.824,10,0,0.036,0.0,0.158,100.202,-4.143,0.615,0.726,211666,1,dancehall
0.556,0.864,3,0,0.0584,0.0,0.209,105.143,-5.87,0.00958,0.4,216880,1,alternative
0.356,0.917,9,1,0.0479,0.0,0.406,171.176,-6.006,0.0335,0.518,357266,1,alt-rock
0.556,0.319,9,1,0.0281,0.0,0.0996,135.187,-8.251,0.893,0.294,285240,1,british
0.502,0.912,1,1,0.0564,0.000173,0.106,116.761,-4.556,2.55e-05,0.72,301920,1,alt-rock
0.721,0.339,0,1,0.0532,0.00153,0.0973,129.83,-11.195,0.409,0.2,200746,1,soul
0.689,0.739,2,1,0.026,0.509,0.064,120.423,-5.81,1.51e-05,0.578,233866,1,alternative
0.469,0.538,8,1,0.0571,0.00012,0.37,196.605,-13.559,0.305,0.886,176333,1,soul
0.458,0.795,0,1,0.0574,0.000202,0.0756,123.229,-3.265,0.00316,0.513,255373,1,alt-rock
0.512,0.662,3,1,0.0439,0.0,0.118,180.114,-6.797,0.0275,0.472,228346,1,indie-pop
0.951,0.6,0,0,0.0685,0.0,0.0712,125.04,-4.675,0.106,0.822,218573,1,dance
0.556,0.913,0,1,0.0437,8.59e-06,0.346,96.184,-2.36,0.0193,0.73,282160,1,alt-rock
0.467,0.324,2,1,0.0255,0.0248,0.118,94.301,-10.451,0.615,0.166,320266,1,alt-rock
0.826,0.49,9,1,0.0676,4.41e-06,0.0415,74.126,-10.477,0.00916,0.627,180266,1,reggae
0.691,0.795,1,0,0.0355,1.02e-06,0.156,133.971,-4.021,0.000812,0.876,227333,1,dance
0.776,0.559,6,0,0.103,0.0,0.0671,122.242,-8.375,0.11,0.758,232200,1,reggae
0.656,0.932,4,0,0.0708,0.00147,0.144,130.936,-3.405,0.00347,0.544,201960,1,grunge
0.73,0.769,8,1,0.0298,0.0,0.0473,104.948,-5.114,0.138,0.507,228093,1,british
0.432,0.884,8,1,0.13,0.000527,0.166,108.948,-6.659,0.0127,0.624,166706,1,funk
0.507,0.729,11,0,0.0393,1.4e-06,0.0658,105.013,-5.399,0.0182,0.272,243960,1,french
0.872,0.872,1,1,0.139,0.00112,0.0543,116.948,-6.328,0.0476,0.809,223080,1,latin
0.783,0.58,7,1,0.0408,2.28e-06,0.108,120.021,-6.548,0.0114,0.66,193400,1,electro
0.603,0.67,2,0,0.0249,1.68e-06,0.112,107.993,-3.882,0.00408,0.446,242973,1,british
0.256,0.641,1,1,0.0552,0.0329,0.0853,203.006,-10.283,0.199,0.382,281160,1,alt-rock
0.496,0.682,8,1,0.0294,2.94e-05,0.0589,167.06,-4.095,0.00552,0.474,262333,1,punk
0.36,0.501,7,1,0.0258,9.32e-05,0.172,74.807,-9.129,0.0638,0.324,264066,1,alt-rock
0.554,0.932,5,0,0.0485,0.000142,0.425,112.49,-3.424,0.00154,0.478,242280,1,hardcore
0.489,0.649,9,1,0.0336,0.713,0.101,158.009,-5.11,0.000603,0.77,219826,1,alt-rock
0.639,0.912,1,1,0.0615,0.0,0.097,143.448,-2.621,0.00107,0.343,227520,1,indie-pop
0.64,0.743,10,1,0.0379,0.0,0.101,122.035,-4.08,0.269,0.361,262533,1,piano
0.699,0.812,0,1,0.0377,0.000763,0.105,138.185,-6.005,0.0164,0.662,276693,1,alt-rock
0.524,0.939,9,1,0.113,0.0,0.623,150.184,-3.994,0.00022,0.661,184866,1,alternative
0.42,0.33,9,1,0.0275,0.000679,0.0677,157.143,-13.925,0.245,0.175,295600,1,alt-rock
0.317,0.172,10,1,0.0326,0.000383,0.105,65.18,-10.636,0.907,0.0963,212040,1,soul
0.697,0.395,6,1,0.0281,0.653,0.173,113.589,-13.58,0.428,0.876,151893,1,alt-rock
0.419,0.383,4,1,0.0256,0.0176,0.0896,87.568,-11.782,0.0724,0.35,257480,1,alt-rock
0.722,0.851,7,0,0.0639,0.0,0.108,126.885,-3.873,0.0319,0.452,197935,1,rock
0.715,0.833,2,1,0.108,0.0,0.164,95.487,-5.379,0.00631,0.612,213093,1,british
0.534,0.803,10,1,0.0743,6.07e-05,0.307,167.983,-9.129,0.741,0.969,161560,1,blues
0.255,0.393,5,1,0.0278,0.00361,0.113,76.426,-10.654,0.0577,0.118,229120,1,alt-rock
0.585,0.972,9,0,0.0534,0.0,0.0707,110.006,-4.45,0.0143,0.585,230253,1,alternative
0.726,0.787,4,1,0.0737,0.0,0.0596,124.99,-2.494,0.009,0.888,199986,1,pop
0.65,0.306,9,1,0.0393,7.07e-06,0.0707,118.068,-9.443,0.57,0.605,180055,1,r-n-b
0.492,0.969,9,1,0.0491,1.32e-06,0.0787,95.136,-4.419,0.0014,0.538,157333,1,alternative
0.58,0.702,4,1,0.0337,3.2e-06,0.536,105.076,-5.565,0.0466,0.299,208960,1,alternative
0.38,0.988,1,1,0.0639,7.86e-05,0.368,186.113,-2.042,2.64e-05,0.769,176346,1,punk
0.595,0.717,0,1,0.0295,0.00274,0.108,88.969,-4.803,0.0779,0.547,215906,1,alt-rock
0.413,0.881,11,0,0.0367,0.000308,0.0805,158.066,-5.541,5.99e-05,0.364,250546,1,alt-rock
0.496,0.863,9,1,0.0381,0.0,0.639,110.018,-4.153,0.0046,0.243,185586,1,alternative
0.377,0.681,7,1,0.0298,0.0023,0.0504,108.789,-8.039,0.00088,0.285,285133,1,country
0.288,0.758,6,0,0.0371,0.0,0.303,97.094,-5.692,0.00616,0.619,201726,1,garage
0.532,0.767,7,1,0.0574,0.000513,0.39,127.361,-5.509,0.00287,0.755,210173,1,hard-rock
0.554,0.783,6,1,0.0457,1.54e-06,0.631,105.39,-5.852,0.416,0.813,162466,1,country
0.249,0.834,0,1,0.0577,9.48e-05,0.0924,118.223,-8.21,0.0738,0.338,547106,1,blues
0.676,0.703,8,0,0.0302,0.000687,0.0463,92.761,-5.815,0.0869,0.852,200173,1,alternative
0.557,0.8,10,1,0.0601,0.0012,0.0906,135.47,-8.477,0.00132,0.582,245373,1,alt-rock
0.277,0.663,4,0,0.0377,0.00051,0.136,104.561,-8.821,0.000409,0.527,237026,1,alt-rock
0.913,0.603,8,1,0.226,0.000503,0.167,123.061,-4.892,0.0272,0.497,234093,1,soul
0.56,0.936,3,1,0.0439,0.0,0.161,112.96,-5.835,0.00847,0.371,218013,1,alt-rock
0.367,0.634,5,1,0.027,0.0759,0.116,89.981,-6.475,0.000824,0.0964,241533,1,metal
0.519,0.749,6,0,0.0405,0.0,0.119,147.905,-3.318,0.271,0.29,199946,1,country
0.574,0.913,6,0,0.133,0.00158,0.156,115.728,-4.793,0.061,0.423,208400,1,hard-rock
0.516,0.764,2,1,0.0366,0.0,0.115,148.021,-6.223,0.0717,0.376,224693,1,piano
0.294,0.641,11,1,0.0291,0.22,0.112,79.759,-9.316,0.0163,0.226,536066,1,hard-rock
0.498,0.59,1,0,0.032,0.0,0.107,145.867,-4.721,0.511,0.0784,217866,1,dance
0.331,0.55,0,1,0.0272,3.96e-06,0.192,177.734,-6.483,0.605,0.429,339000,1,folk
0.654,0.828,1,0,0.0281,0.000144,0.122,112.056,-5.377,0.00146,0.79,183893,1,garage
0.532,0.495,10,1,0.0343,0.0,0.0754,124.936,-6.662,0.659,0.308,214240,1,folk
0.671,0.501,4,1,0.0594,0.0,0.194,87.04,-13.119,0.342,0.86,214880,1,country
0.572,0.418,0,1,0.0349,0.0,0.0961,104.566,-10.738,0.635,0.694,165000,1,funk
0.579,0.654,1,0,0.0553,3.62e-06,0.0673,129.537,-12.421,0.121,0.616,216466,1,power-pop
0.346,0.552,0,0,0.0282,0.0,0.114,75.881,-6.864,0.417,0.0789,286480,1,british
0.682,0.471,0,1,0.0301,0.0,0.0908,79.907,-9.182,0.765,0.421,163133,1,folk
0.682,0.927,4,1,0.0479,0.0,0.149,101.019,-2.915,0.0843,0.744,195613,1,dance
0.526,0.866,0,1,0.0568,7.78e-05,0.0945,140.266,-5.822,0.00287,0.248,253586,1,garage
0.568,0.844,9,1,0.0505,0.0,0.0607,116.046,-5.875,0.000189,0.766,207093,1,punk
0.188,0.411,0,1,0.0484,0.153,0.0843,187.376,-9.733,0.174,0.159,305746,1,rock
0.726,0.449,0,1,0.0286,1.34e-06,0.0824,130.388,-9.206,0.487,0.294,241333,1,disco
0.71,0.799,6,1,0.0328,0.000602,0.349,120.372,-4.897,0.22,0.725,238266,1,disco
0.448,0.784,9,1,0.0627,0.000108,0.668,136.245,-3.686,0.106,0.236,186813,1,rock
0.617,0.741,2,1,0.0311,0.0,0.0772,118.984,-3.97,0.131,0.306,236266,1,pop
0.421,0.407,10,1,0.0267,0.000961,0.11,139.028,-7.445,0.309,0.161,285120,1,dance
0.284,0.875,11,0,0.0422,0.000461,0.402,75.009,-6.069,0.00752,0.595,340907,1,alt-rock
0.394,0.944,10,0,0.0761,4.54e-06,0.298,105.338,-6.506,0.00178,0.265,292580,1,alt-rock
0.586,0.7,0,1,0.0363,0.00125,0.0318,147.245,-9.558,0.0589,0.897,295400,1,power-pop
0.56,0.595,9,1,0.0274,6.47e-05,0.132,104.011,-4.53,0.199,0.144,267960,1,rock
0.788,0.844,2,1,0.0334,0.000678,0.0723,113.324,-3.131,0.25,0.382,251240,1,dance
0.366,0.94,1,0,0.0696,9.42e-05,0.188,130.198,-5.119,0.000769,0.369,255626,1,alt-rock
0.465,0.919,4,1,0.0408,2.07e-05,0.262,135.997,-4.025,1.83e-05,0.537,235293,1,alt-rock
0.56,0.825,11,1,0.0379,0.0,0.161,94.931,-3.862,0.323,0.268,237493,1,piano
0.689,0.694,6,0,0.027,0.0,0.148,99.039,-5.83,0.257,0.482,213306,1,dance
0.916,0.72,0,1,0.1,0.00016,0.0958,103.312,-8.548,0.36,0.76,237000,1,reggae
0.307,0.433,1,1,0.029,9.08e-05,0.332,160.9,-10.057,0.388,0.224,266960,1,hard-rock
0.488,0.862,0,1,0.0476,0.0,0.359,104.56,-7.595,0.0204,0.706,257826,1,punk-rock
0.645,0.792,4,0,0.036,0.0121,0.119,90.565,-7.34,0.0562,0.666,232453,1,alt-rock
0.433,0.959,9,1,0.0431,0.0,0.028,172.984,-4.04,0.000917,0.365,269373,1,alt-rock
0.553,0.362,4,0,0.0263,6.01e-06,0.075,142.352,-11.218,0.0458,0.158,388266,1,hard-rock
0.515,0.43,7,1,0.0372,0.000133,0.129,91.844,-9.935,0.0097,0.104,238640,1,alt-rock
0.612,0.807,10,1,0.0336,0.0177,0.101,124.053,-2.81,0.0495,0.398,240400,1,alt-rock
0.505,0.71,3,1,0.0321,0.00025,0.269,89.938,-3.015,0.19,0.428,177506,1,rock
0.398,0.927,9,1,0.0567,0.000177,0.0575,77.106,-4.212,6.2e-05,0.311,260026,1,grunge
0.37,0.866,6,0,0.0384,0.0,0.137,162.086,-3.879,0.0868,0.427,316693,1,hard-rock
0.471,0.924,8,1,0.0586,0.0,0.313,154.961,-3.906,0.00301,0.725,177280,1,alt-rock
0.522,0.914,7,1,0.0379,0.847,0.24,137.939,-8.285,0.000164,0.0364,184760,1,alternative
0.577,0.828,6,0,0.0298,0.0114,0.0581,123.257,-8.691,0.00213,0.604,331266,1,hard-rock
0.62,0.573,0,1,0.0423,0.0,0.0607,81.548,-11.893,0.271,0.897,231333,1,disco
0.614,0.568,7,0,0.0276,0.0,0.0997,107.849,-5.477,0.00797,0.516,293960,1,alt-rock
0.504,0.785,8,1,0.104,0.0,0.239,173.968,-4.802,0.0738,0.502,210840,1,dance
0.431,0.723,8,1,0.0568,0.0,0.374,130.141,-5.887,0.145,0.19,267360,1,disco
0.692,0.651,9,1,0.0324,0.00241,0.105,97.923,-8.267,0.292,0.706,254560,1,funk
0.491,0.583,7,1,0.0376,0.0,0.406,150.566,-10.964,0.185,0.908,183306,1,folk
0.15,0.859,4,0,0.0595,0.194,0.387,170.527,-2.827,0.00201,0.354,228146,1,metal
0.82,0.452,1,1,0.0348,0.00294,0.0714,117.401,-9.796,0.543,0.74,253920,1,rock
0.531,0.909,11,1,0.034,0.0,0.231,97.546,-4.236,0.0175,0.814,178000,1,punk
0.754,0.759,9,1,0.302,0.000108,0.101,126.366,-5.218,0.153,0.435,214666,1,hard-rock
0.217,0.905,2,1,0.0752,0.00011,0.222,96.95,-4.103,0.000289,0.236,311106,1,emo
0.554,0.978,4,1,0.131,0.0,0.0731,135.095,-3.554,0.111,0.594,162600,1,alternative
0.291,0.974,6,0,0.171,5.44e-06,0.886,134.724,-2.997,0.0177,0.348,278600,1,alternative
0.448,0.665,9,1,0.026,2.55e-05,0.0828,172.004,-4.203,0.06,0.304,237146,1,piano
0.602,0.923,5,1,0.044,0.0,0.0561,136.01,-3.763,0.0098,0.765,216013,1,emo
0.687,0.677,2,1,0.0508,0.000137,0.0564,75.052,-4.172,0.000643,0.545,199773,1,metal
0.445,0.541,7,1,0.0736,0.0,0.109,76.289,-7.36,0.359,0.217,252733,1,folk
0.529,0.127,11,1,0.0274,0.000109,0.237,63.05,-16.066,0.611,0.578,203573,1,folk
0.464,0.701,6,0,0.0411,0.309,0.335,83.996,-5.693,0.00892,0.356,251186,1,alt-rock
0.584,0.367,6,0,0.0328,1.38e-05,0.0818,120.175,-9.638,0.55,0.588,176293,1,folk
0.664,0.705,1,0,0.0382,0.0,0.118,122.016,-4.972,0.0654,0.477,257266,1,piano
0.454,0.913,9,1,0.107,0.000271,0.248,137.688,-4.008,0.408,0.521,293183,1,hard-rock
0.365,0.763,11,0,0.0591,0.000457,0.0865,148.366,-9.45,0.00726,0.342,204866,1,hard-rock
0.548,0.532,5,1,0.0323,0.000263,0.217,85.03,-7.596,0.186,0.405,272394,1,garage
0.638,0.656,5,1,0.0357,0.0,0.146,104.036,-5.886,0.188,0.225,262466,1,british
0.656,0.291,2,1,0.0293,0.0,0.114,103.971,-10.572,0.872,0.298,232533,1,rock
0.475,0.322,7,1,0.0283,0.00056,0.11,93.503,-10.687,0.367,0.387,206266,1,hard-rock
0.589,0.89,4,0,0.0603,0.00082,0.201,90.598,-3.719,0.000481,0.692,199906,1,alt-rock
0.472,0.671,4,1,0.029,0.0,0.159,82.952,-4.649,0.0129,0.0681,232800,1,alt-rock
0.532,0.783,2,1,0.0523,0.0012,0.161,124.08,-5.697,0.0038,0.643,247426,1,dance
0.72,0.791,1,1,0.124,0.0,0.157,102.071,-4.689,0.0384,0.756,175426,1,rock
0.418,0.452,1,1,0.0356,0.00026,0.0959,175.088,-13.099,0.638,0.168,218733,1,hard-rock
0.611,0.95,8,1,0.0518,1.59e-06,0.0543,132.078,-3.509,0.00141,0.607,193893,1,grunge
0.446,0.764,10,1,0.033,0.0,0.099,172.094,-5.042,0.00135,0.543,223840,1,alt-rock
0.495,0.856,0,0,0.0311,0.0,0.103,158.024,-5.123,0.000219,0.609,154666,1,alternative
0.487,0.382,7,1,0.0309,4.74e-06,0.411,116.557,-10.889,0.0422,0.714,261279,1,rock-n-roll
0.653,0.73,5,1,0.043,1.03e-05,0.0754,108.705,-10.613,0.0114,0.894,220400,1,hard-rock
0.422,0.264,8,1,0.0322,0.0,0.132,119.93,-7.064,0.922,0.331,269560,1,soul
0.545,0.78,7,0,0.0436,4.64e-05,0.0828,125.014,-4.867,0.0309,0.458,255093,1,edm
0.817,0.599,0,0,0.0328,0.000311,0.0873,108.873,-9.249,0.132,0.548,245640,1,rock
0.823,0.731,3,1,0.307,0.0,0.306,90.302,-4.273,0.42,0.876,195693,1,comedy
0.579,0.558,2,1,0.0895,1.26e-06,0.212,179.949,-6.986,0.0202,0.506,207356,1,garage
0.464,0.417,0,0,0.0256,0.022,0.0974,67.528,-9.345,0.136,0.479,183956,1,garage
0.665,0.542,11,0,0.033,0.00291,0.342,97.975,-8.323,0.123,0.587,257563,1,garage
0.579,0.928,0,1,0.0411,0.0,0.18,95.594,-4.344,0.000715,0.882,171533,1,punk-rock
0.542,0.795,4,0,0.0368,0.019,0.0851,92.234,-3.63,0.00506,0.431,227160,1,indie
0.708,0.843,7,1,0.314,0.0,0.799,148.14,-2.66,0.397,0.625,363521,1,hip-hop
0.445,0.537,4,0,0.04,1.65e-05,0.0944,122.769,-8.532,0.695,0.131,244360,1,chill
0.174,0.742,8,1,0.0485,0.281,0.198,163.378,-5.93,0.00181,0.36,223746,1,indie-pop
0.484,0.731,1,1,0.0379,0.0,0.151,101.654,-6.694,0.431,0.51,204280,1,folk
0.6,0.663,3,1,0.0477,0.0,0.119,121.07,-5.802,0.225,0.286,245493,1,pop
0.688,0.519,5,1,0.0283,0.0,0.1,116.714,-4.285,0.064,0.318,255333,1,soul
0.545,0.932,7,0,0.0399,0.0,0.127,92.956,-2.189,0.000665,0.464,192000,1,punk-rock
0.501,0.765,6,0,0.0281,0.49,0.184,91.771,-7.063,0.00294,0.46,190845,1,edm
0.644,0.939,11,0,0.0456,0.0,0.233,106.031,-3.486,0.157,0.861,208106,1,grunge
0.636,0.676,2,1,0.0263,0.0,0.0831,113.98,-3.442,0.0807,0.273,208760,1,blues
0.529,0.843,6,0,0.0616,0.000827,0.0608,117.662,-6.908,0.0628,0.188,310333,1,hard-rock
0.502,0.89,4,1,0.0364,0.0117,0.217,133.52,-5.175,0.000147,0.259,292880,1,hard-rock
0.568,0.981,2,1,0.0887,0.00275,0.0243,135.146,-3.889,0.00269,0.307,284120,1,alternative
0.884,0.581,11,1,0.0378,0.000206,0.0759,114.016,-8.813,0.427,0.728,313684,1,german
0.572,0.214,7,1,0.0293,0.129,0.125,95.542,-15.625,0.649,0.485,225026,1,blues
0.645,0.598,1,0,0.0335,3.53e-06,0.0721,105.929,-13.18,0.221,0.913,227266,1,blues
0.64,0.957,8,1,0.0741,0.0,0.0789,134.992,-2.336,0.0431,0.692,178013,1,alt-rock
0.701,0.944,4,1,0.0455,0.0,0.601,128.993,-2.986,0.0755,0.792,197706,1,folk
0.717,0.455,5,1,0.0276,0.0,0.11,127.812,-8.303,0.0846,0.389,200733,1,folk
0.554,0.315,3,1,0.0298,5.53e-06,0.101,128.157,-11.028,0.828,0.325,241786,1,piano
0.719,0.671,8,1,0.0336,8.21e-06,0.12,130.027,-6.279,0.0372,0.786,237626,1,indie-pop
0.399,0.787,1,1,0.0499,6.07e-05,0.0685,117.089,-2.88,0.0197,0.572,216120,1,dance
0.773,0.758,1,1,0.0381,0.0,0.305,144.033,-4.993,0.0422,0.925,224840,1,reggae
0.596,0.856,4,0,0.0346,0.0178,0.141,127.949,-3.556,0.0211,0.743,222533,1,electro
0.5,0.501,0,0,0.0376,0.0,0.26,144.438,-8.284,0.462,0.623,153800,1,synth-pop
0.719,0.922,11,1,0.0338,0.000163,0.0867,133.113,-6.091,0.523,0.964,260893,1,swedish
0.543,0.87,9,1,0.0428,0.000939,0.792,100.804,-6.514,0.358,0.754,230400,1,swedish
0.506,0.886,11,1,0.0655,0.0,0.0734,143.935,-3.225,0.0916,0.595,226866,1,country
0.608,0.756,7,0,0.176,0.0,0.187,176.086,-2.675,0.0784,0.55,245506,1,soul
0.482,0.706,9,1,0.0607,0.00106,0.105,92.513,-5.762,0.135,0.144,224920,1,soul
0.644,0.549,1,0,0.0285,8.85e-06,0.134,90.04,-5.415,0.0209,0.167,253813,1,soul
0.566,0.885,8,1,0.0818,9.97e-05,0.334,90.99,-4.528,0.0958,0.304,232893,1,british
0.614,0.379,4,1,0.0476,0.000464,0.0986,107.989,-10.48,0.607,0.201,258986,1,pop
0.578,0.866,1,1,0.0619,0.0,0.257,128.038,-3.804,0.00701,0.619,199080,1,alt-rock
0.697,0.832,9,1,0.0298,0.00131,0.269,125.926,-7.264,0.168,0.979,215093,1,disco
0.49,0.885,3,1,0.0396,0.0,0.0741,166.996,-4.121,0.00218,0.64,245466,1,rock
0.628,0.593,8,1,0.0323,1.65e-06,0.096,125.026,-5.036,0.093,0.104,197266,1,dance
0.47,0.859,2,1,0.0537,0.00691,0.142,124.01,-3.663,0.000362,0.17,317706,1,metal
0.393,0.858,4,0,0.0729,0.0,0.102,176.042,-2.868,0.00359,0.56,228360,1,emo
0.536,0.768,10,0,0.0347,0.0,0.114,77.217,-5.948,0.00433,0.545,228133,1,pop
0.365,0.851,4,0,0.0645,0.003,0.237,78.086,-6.238,0.0964,0.309,171040,1,rock
0.527,0.835,6,1,0.0433,0.0,0.249,125.983,-5.298,0.0166,0.654,176658,1,dance
0.76,0.703,5,1,0.054,0.0,0.0913,95.997,-5.412,0.103,0.57,231826,1,pop
0.553,0.664,8,1,0.0741,0.0056,0.106,140.06,-7.417,0.0709,0.467,220440,1,pop
0.672,0.52,8,1,0.0353,0.0,0.115,120.001,-7.747,0.859,0.37,226600,1,pop
0.445,0.543,0,1,0.0272,0.0137,0.202,99.963,-8.196,0.000825,0.102,278640,1,indie-pop
0.535,0.448,2,1,0.0279,1.94e-05,0.115,101.986,-9.167,0.00262,0.32,149680,1,indie-pop
0.653,0.964,9,0,0.0582,0.00512,0.144,126.928,-4.261,0.00316,0.87,209266,1,grunge
0.564,0.714,7,1,0.129,0.0,0.155,175.924,-4.987,0.0549,0.33,204013,1,rock
0.69,0.521,10,0,0.339,0.0,0.0534,100.028,-8.492,0.324,0.494,292799,1,hip-hop
0.5,0.292,0,1,0.0323,0.0,0.188,145.879,-8.554,0.746,0.37,185200,1,pop
0.518,0.655,8,1,0.0826,0.0,0.271,156.992,-6.255,0.381,0.29,199681,1,electro
0.489,0.597,5,0,0.0292,0.0,0.105,95.012,-6.633,0.27,0.324,253520,1,dance
0.435,0.104,6,0,0.0445,0.33,0.119,120.484,-22.39,0.973,0.162,279316,1,singer-songwriter
0.422,0.302,11,1,0.0372,7.83e-05,0.104,114.089,-9.214,0.629,0.123,248826,1,pop
0.635,0.841,5,1,0.0422,0.0,0.0622,109.021,-5.379,0.0134,0.424,220734,1,dance
0.746,0.754,1,1,0.0676,0.0,0.0486,149.882,-6.684,0.0152,0.746,206880,1,dance
0.544,0.369,2,1,0.038,0.279,0.639,87.01,-9.514,0.969,0.102,208211,1,folk
0.64,0.455,0,1,0.0247,0.0,0.0694,89.948,-5.942,0.0743,0.333,217773,1,dance
0.382,0.589,9,0,0.0267,0.0,0.122,140.059,-7.315,0.0465,0.335,243360,1,rock
0.339,0.208,0,1,0.0308,0.000519,0.18,98.54,-16.725,0.396,0.288,218013,1,r-n-b
0.516,0.755,5,1,0.0383,0.00103,0.107,140.099,-3.724,0.0633,0.165,262173,1,indie
0.4,0.479,8,0,0.0308,2.14e-06,0.115,166.159,-7.989,0.0529,0.213,229173,1,folk
0.527,0.922,9,0,0.0728,0.000162,0.422,95.975,-2.666,0.00475,0.49,181680,1,indie
0.559,0.871,5,0,0.0397,0.00545,0.096,104.97,-5.338,7.53e-06,0.572,213920,1,indie-pop
0.392,0.37,9,1,0.0298,0.0096,0.0821,48.718,-10.888,0.205,0.512,293293,1,country
0.345,0.941,9,1,0.0466,0.633,0.0511,179.626,-9.918,3.84e-05,0.407,147062,1,indie-pop
0.509,0.542,3,0,0.442,0.00639,0.23,97.767,-8.027,0.019,0.151,78680,1,emo
0.694,0.712,7,0,0.046,0.0,0.211,98.023,-3.923,0.132,0.799,201122,1,dance
0.583,0.61,5,0,0.0382,0.000105,0.14,114.06,-5.639,0.00425,0.336,214739,1,dance
0.606,0.799,9,1,0.0261,0.0,0.15,103.014,-4.452,0.0128,0.638,232906,1,indie
0.73,0.703,0,0,0.0369,0.0,0.0657,138.113,-5.672,0.109,0.595,192120,1,pop
0.588,0.521,10,1,0.0329,0.149,0.123,85.012,-9.461,0.0678,0.337,260173,1,alt-rock
0.245,0.64,2,0,0.0608,8.11e-06,0.0766,135.739,-7.426,0.131,0.105,255133,1,alt-rock
0.609,0.378,4,1,0.438,0.0,0.28,100.418,-9.828,0.835,0.515,233720,1,pop
0.687,0.617,4,1,0.0287,1.27e-05,0.0898,121.079,-5.213,0.0941,0.665,252306,1,alt-rock
0.538,0.471,4,0,0.0955,0.0185,0.116,93.07,-9.84,0.0946,0.307,142000,1,emo
0.491,0.693,0,0,0.0377,6.92e-06,0.325,90.027,-6.487,0.211,0.412,258266,1,pop
0.468,0.627,6,1,0.0476,7.97e-06,0.11,179.642,-5.085,0.0281,0.159,212106,1,electro
0.468,0.779,9,1,0.0779,0.000373,0.101,173.799,-4.839,0.112,0.26,217746,1,dance
0.711,0.292,4,0,0.037,0.0,0.131,103.951,-15.523,0.313,0.194,296800,1,folk
0.457,0.407,9,1,0.0308,0.884,0.126,117.053,-11.475,0.805,0.126,257533,1,ambient
0.584,0.7,11,1,0.0456,0.0,0.0939,124.944,-4.275,0.117,0.438,202746,1,dance
0.664,0.573,5,1,0.0277,0.000363,0.0857,76.023,-6.519,0.613,0.566,160097,1,folk
0.575,0.648,10,1,0.0358,0.0,0.115,75.977,-4.891,0.583,0.466,160239,1,indie
0.623,0.734,9,1,0.107,1.9e-06,0.145,107.853,-5.95,0.0162,0.372,244453,1,dance
0.398,0.493,9,1,0.0303,0.000157,0.106,82.048,-9.561,0.00347,0.412,170240,1,indie-pop
0.444,0.819,10,0,0.341,0.0,0.107,82.695,-4.078,0.106,0.747,187973,1,dance
0.432,0.652,8,1,0.0285,0.0,0.258,190.028,-4.969,0.262,0.507,249586,1,indie-pop
0.576,0.307,11,0,0.0428,0.000355,0.0792,67.513,-12.732,0.807,0.157,189613,1,electro
0.755,0.695,9,1,0.26,0.0,0.107,128.063,-5.963,0.0179,0.493,101851,1,emo
0.555,0.662,11,0,0.0827,0.0,0.111,148.128,-4.952,0.125,0.356,208733,1,dance
0.602,0.707,9,1,0.302,0.0,0.165,75.087,-4.097,0.393,0.554,200186,1,soul
0.682,0.9,9,1,0.0874,0.063,0.0685,100.721,-5.028,0.0884,0.937,179499,1,garage
0.575,0.386,9,0,0.037,0.000289,0.229,116.408,-9.584,0.785,0.466,249191,1,soul
0.501,0.0958,0,1,0.0433,0.0,0.298,108.741,-15.605,0.77,0.204,248807,1,soul
0.457,0.551,5,0,0.167,1.15e-06,0.113,89.87,-9.36,0.427,0.428,307151,1,soul
0.581,0.21,8,1,0.0321,0.0,0.369,80.099,-10.426,0.768,0.452,249667,1,soul
0.723,0.504,8,1,0.0392,7.4e-05,0.087,133.975,-5.572,0.388,0.551,218893,1,electro
0.765,0.327,6,1,0.277,0.0479,0.0787,74.931,-8.029,0.571,0.292,129599,1,indie-pop
0.546,0.465,5,1,0.0287,0.00259,0.321,73.369,-8.167,0.153,0.415,177493,1,garage
0.818,0.913,4,0,0.0426,3.69e-05,0.161,119.986,-3.06,0.093,0.536,219159,1,electro
0.482,0.849,2,1,0.0452,7.74e-06,0.0414,124.631,-9.198,0.641,0.937,155226,1,british
0.467,0.757,3,1,0.033,0.908,0.0876,82.282,-5.093,0.0807,0.433,155933,1,garage
0.677,0.401,9,1,0.0308,0.0,0.116,111.825,-8.467,0.712,0.195,232852,1,dance
0.566,0.855,7,1,0.211,0.000157,0.181,172.966,-4.016,0.0372,0.517,247840,1,dance
0.454,0.4,3,1,0.0265,0.846,0.137,93.719,-10.261,0.139,0.327,320030,1,ambient
0.625,0.659,0,1,0.0337,0.0,0.17,113.551,-5.669,0.12,0.594,198960,1,indie-pop
0.67,0.905,1,1,0.129,0.000227,0.349,104.965,-6.855,0.669,0.563,167864,1,indie-pop
0.825,0.652,1,0,0.0802,0.0,0.0931,95.977,-3.183,0.581,0.931,233712,1,pop
0.526,0.877,3,0,0.033,0.0108,0.223,145.568,-4.369,0.172,0.436,255067,1,indie-pop
0.599,0.448,8,1,0.0232,0.0,0.106,95.05,-6.312,0.163,0.168,263400,1,pop
0.309,0.883,9,1,0.0808,0.00111,0.0849,159.488,-3.825,0.0673,0.312,195120,1,indie
0.811,0.266,7,1,0.0406,1.05e-06,0.0962,130.044,-12.478,0.56,0.211,226073,1,indie-pop
0.576,0.759,3,1,0.0599,0.0,0.121,99.969,-8.165,0.12,0.501,179955,1,indie-pop
0.776,0.78,10,0,0.128,0.0,0.081,124.949,-4.374,0.0622,0.666,204346,1,rock
0.618,0.443,2,1,0.0526,0.0,0.0829,119.949,-9.681,0.469,0.167,198853,1,acoustic
0.833,0.434,2,1,0.431,0.0219,0.165,150.062,-8.795,0.0102,0.281,204600,1,hip-hop
0.762,0.7,9,0,0.0694,1.56e-05,0.153,116.073,-6.021,0.00261,0.608,209320,1,dance
0.606,0.62,0,1,0.0298,0.0916,0.167,88.984,-5.005,0.0301,0.543,231600,1,electro
0.776,0.503,0,0,0.237,0.0,0.112,110.134,-5.732,0.874,0.473,210285,1,soul
0.405,0.479,5,1,0.0301,0.795,0.0974,75.37,-9.396,0.0527,0.131,215150,1,ambient
0.37,0.467,5,1,0.0273,0.572,0.109,94.485,-9.013,0.0205,0.182,290616,1,ambient
0.45,0.511,6,1,0.0276,0.766,0.139,96.563,-9.073,0.353,0.115,292110,1,ambient
0.614,0.318,7,1,0.0478,0.00239,0.0795,119.959,-12.695,0.896,0.112,180933,1,electro
0.776,0.626,6,1,0.0396,0.899,0.086,122.072,-12.561,0.622,0.866,194733,1,indie-pop
0.908,0.621,1,0,0.102,5.39e-05,0.0958,150.011,-6.638,0.000282,0.421,177000,1,hip-hop
0.609,0.692,1,1,0.0259,0.0,0.0864,116.959,-2.958,0.0157,0.454,233720,1,pop
0.605,0.822,0,1,0.0438,0.134,0.147,167.997,-4.833,0.00671,0.288,187146,1,rock
0.836,0.544,7,1,0.0943,0.0,0.0824,97.028,-5.975,0.0403,0.51,217946,1,dance
0.695,0.818,5,0,0.0334,4.87e-06,0.0219,119.965,-5.379,0.00647,0.916,182693,1,emo
0.775,0.613,3,0,0.0542,2.33e-05,0.134,100.066,-4.586,0.109,0.797,208786,1,dance
0.671,0.673,11,0,0.0444,5.29e-05,0.304,121.963,-6.941,0.148,0.494,237720,1,pop
0.626,0.423,1,1,0.0513,0.0,0.18,95.162,-6.035,0.128,0.571,101789,1,dance
0.672,0.655,10,0,0.0311,0.0,0.117,134.945,-5.021,0.0362,0.556,201240,1,rock
0.705,0.712,6,1,0.0385,0.000855,0.1,97.512,-6.156,0.0102,0.62,299960,1,alt-rock
0.746,0.251,11,0,0.259,0.00203,0.106,139.999,-16.169,0.782,0.18,120026,1,emo
0.498,0.81,7,1,0.0263,0.00717,0.0635,79.935,-4.065,0.00392,0.594,189160,1,indie
0.763,0.628,11,1,0.05,0.0,0.114,140.958,-5.85,0.0531,0.193,190557,1,house
0.752,0.505,9,1,0.253,2.55e-06,0.104,91.97,-7.621,0.535,0.419,197436,1,dance
0.52,0.903,2,1,0.042,0.0,0.254,74.988,-5.497,0.00517,0.652,219801,1,indie-pop
0.519,0.625,10,1,0.0482,0.0,0.121,120.103,-5.909,0.349,0.21,203186,1,rock
0.448,0.825,4,0,0.0621,0.0,0.108,144.17,-5.307,0.00353,0.226,216826,1,metal
0.817,0.551,7,0,0.133,0.000151,0.101,109.966,-9.33,0.865,0.142,123884,1,indie-pop
0.651,0.546,1,1,0.0357,0.0437,0.0842,107.021,-9.021,0.774,0.623,229760,1,indie-pop
0.534,0.583,2,1,0.0288,0.0,0.421,106.0,-8.672,0.0262,0.145,231546,1,emo
0.872,0.391,0,0,0.242,4.13e-06,0.297,134.021,-9.144,0.469,0.437,119133,1,emo
0.735,0.197,3,0,0.537,0.000276,0.296,147.899,-13.378,0.768,0.383,129720,1,emo
0.494,0.632,5,1,0.0342,0.0,0.0869,147.873,-6.89,0.682,0.0797,274693,1,alt-rock
0.551,0.881,7,0,0.0542,0.0791,0.152,88.036,-6.099,0.186,0.387,153000,1,alt-rock
0.71,0.789,4,1,0.0722,2.77e-06,0.451,142.929,-3.874,0.0161,0.717,131064,1,dance
0.197,0.247,3,1,0.0306,0.0163,0.111,75.787,-8.542,0.934,0.407,185176,1,indie
0.51,0.882,8,0,0.159,0.00206,0.0764,154.029,-5.659,0.00158,0.653,216720,1,alt-rock
0.377,0.558,4,1,0.0299,0.000342,0.125,149.971,-9.076,0.0789,0.267,214800,1,indie-pop
0.739,0.522,7,0,0.151,0.00124,0.233,138.263,-12.304,0.821,0.619,146390,1,indie-pop
0.277,0.394,8,1,0.0336,0.0,0.0952,86.777,-8.903,0.423,0.227,207786,1,show-tunes
0.673,0.735,5,1,0.0457,0.0,0.242,115.744,-4.733,0.286,0.754,201287,1,folk
0.921,0.537,9,0,0.0804,0.00404,0.102,128.009,-5.723,0.556,0.711,135090,1,emo
0.697,0.401,7,1,0.0543,0.0109,0.316,108.996,-10.216,0.43,0.478,185223,1,indie
0.575,0.568,9,0,0.03,0.000417,0.286,93.986,-5.509,0.0484,0.37,206280,1,alt-rock
0.648,0.594,11,0,0.0293,0.0462,0.116,113.983,-7.027,0.114,0.544,244013,1,alt-rock
0.592,0.457,9,0,0.0603,0.000331,0.146,146.04,-6.081,0.661,0.225,110886,1,emo
0.697,0.683,1,0,0.117,0.0,0.137,96.133,-2.881,0.0372,0.603,186986,1,dance
0.551,0.561,9,0,0.0559,0.367,0.369,103.118,-10.408,0.509,0.207,222576,1,soul
0.614,0.68,6,1,0.0289,1.84e-06,0.115,149.959,-4.58,0.369,0.707,234346,1,country
0.791,0.267,5,1,0.0415,0.534,0.102,165.99,-11.997,0.674,0.544,215110,1,indie-pop
0.414,0.416,11,0,0.0251,0.179,0.131,159.91,-8.024,0.1,0.196,186267,1,emo
0.596,0.854,7,0,0.463,0.0,0.124,120.274,-5.114,0.0169,0.152,203417,1,dance
0.845,0.398,5,1,0.268,0.00713,0.159,109.996,-15.781,0.872,0.482,122221,1,chill
0.461,0.593,1,1,0.0356,0.0,0.307,134.17,-4.954,0.17,0.175,228373,1,pop
0.699,0.668,5,0,0.0336,3.2e-06,0.362,144.105,-4.272,0.154,0.314,148229,1,dance
0.487,0.789,8,1,0.044,4.05e-06,0.189,150.007,-3.69,0.00947,0.0564,270714,1,house
0.767,0.593,4,1,0.0413,4.5e-06,0.0878,130.007,-5.901,0.0324,0.579,171692,1,soul
0.551,0.402,11,1,0.0262,0.0,0.0928,103.313,-7.431,0.676,0.382,193200,1,country
0.497,0.638,1,1,0.0274,0.0,0.385,172.01,-5.31,0.0467,0.77,137141,1,indie-pop
0.398,0.717,0,1,0.0398,0.0,0.085,117.296,-5.253,0.07,0.487,193429,1,indie-pop
0.613,0.822,9,1,0.026,0.506,0.429,105.997,-4.087,0.0092,0.567,128198,1,indie-pop
0.652,0.557,1,0,0.0318,0.0,0.124,150.073,-5.714,0.74,0.483,169353,1,electro
0.392,0.429,5,0,0.0462,0.015,0.217,72.104,-10.279,0.527,0.105,57370,1,indie-pop
0.704,0.611,2,1,0.0409,0.0,0.0812,100.0,-6.112,0.217,0.22,189466,1,rock
0.656,0.577,10,0,0.0802,0.0,0.296,173.094,-5.566,0.698,0.861,181522,1,electro
0.785,0.554,0,1,0.0409,3.4e-06,0.116,128.047,-6.571,0.283,0.144,150043,1,house
0.712,0.481,4,0,0.0487,0.0,0.241,140.0,-5.415,0.173,0.062,196138,1,house
0.834,0.73,8,1,0.222,0.0,0.124,155.008,-3.714,0.00513,0.446,312820,1,hip-hop
0.72,0.706,1,1,0.0473,0.0,0.166,133.002,-4.719,0.0684,0.62,187436,1,dance
0.528,0.797,4,1,0.0485,0.011,0.14,143.785,-7.487,0.000391,0.751,136562,1,indie-pop
0.44,0.04,3,1,0.0322,0.465,0.111,135.965,-16.887,0.981,0.249,193749,1,british
0.752,0.488,6,1,0.0705,9.11e-06,0.0936,136.041,-7.05,0.297,0.533,201660,1,dance
0.785,0.431,10,0,0.0364,0.0,0.0887,127.085,-8.756,0.123,0.236,159381,1,pop
0.383,0.637,3,1,0.0703,0.0,0.368,177.913,-6.993,0.0722,0.0827,260773,1,rock
0.778,0.317,1,0,0.334,0.0,0.0881,140.048,-10.732,0.592,0.327,178626,1,dance
0.501,0.405,1,1,0.0319,0.0,0.105,109.891,-5.679,0.751,0.446,182160,1,pop
0.546,0.586,6,1,0.0313,0.00114,0.0562,131.778,-8.488,0.00346,0.364,278991,1,indie-pop
0.907,0.53,1,1,0.127,2.23e-06,0.101,135.998,-6.112,0.0578,0.507,113000,1,hip-hop
0.7,0.49,0,1,0.076,0.0,0.117,79.982,-5.187,0.186,0.569,161803,1,alternative
0.486,0.528,1,1,0.0463,1.4e-05,0.106,178.519,-11.722,0.00387,0.452,329049,1,indie-pop
0.537,0.586,6,1,0.314,7.04e-05,0.175,79.056,-1.864,0.265,0.624,209829,1,indie-pop
0.878,0.525,5,1,0.0578,0.0,0.0714,112.022,-6.832,0.183,0.694,158571,1,soul
0.504,0.708,11,0,0.0343,0.000424,0.788,82.009,-5.896,0.00112,0.51,155146,1,indie-pop
0.45,0.329,9,0,0.0441,0.00109,0.135,71.884,-12.603,0.818,0.266,183624,1,pop
0.329,0.444,1,1,0.0417,0.0352,0.113,162.279,-9.973,0.0578,0.225,282205,1,indie-pop
0.572,0.406,10,1,0.0427,4.48e-06,0.102,119.812,-8.624,0.587,0.265,201083,1,electro
0.612,0.57,11,0,0.0347,0.0,0.0963,77.004,-6.642,0.278,0.334,197293,1,country
0.842,0.734,1,0,0.0588,0.0,0.106,137.958,-5.065,0.0427,0.952,181026,1,dance
0.742,0.546,1,1,0.0315,0.38,0.115,104.996,-7.694,0.172,0.868,260519,1,indie-pop
0.844,0.644,11,0,0.0479,0.0,0.113,122.061,-6.273,0.0828,0.591,169038,1,electro
0.598,0.427,7,0,0.0317,5.83e-06,0.21,76.469,-8.764,0.0546,0.0605,175720,1,hip-hop
0.74,0.688,5,0,0.0916,0.0,0.138,115.035,-4.361,0.061,0.935,135581,1,indie-pop
0.593,0.749,5,1,0.0475,0.106,0.314,164.959,-5.67,0.0113,0.649,309053,1,alt-rock
0.668,0.727,7,0,0.027,1.9e-05,0.1,139.991,-6.55,0.514,0.939,344571,1,singer-songwriter
0.744,0.619,0,1,0.039,0.00372,0.231,112.997,-9.805,0.598,0.641,188386,1,indie-pop
0.494,0.428,0,0,0.205,0.0698,0.0816,87.724,-7.239,0.236,0.44,157497,1,indie-pop
0.597,0.351,4,1,0.0281,3.86e-05,0.319,119.948,-8.043,0.727,0.243,220750,1,indie
0.68,0.826,0,1,0.0309,1.24e-05,0.543,118.051,-5.487,0.0212,0.644,215626,1,pop
0.417,0.551,8,0,0.174,0.00166,0.0907,87.614,-6.456,0.73,0.444,174567,1,indie-pop
0.88,0.751,7,0,0.0874,6.43e-05,0.106,117.948,-4.258,0.177,0.884,157605,1,edm
0.567,0.515,6,0,0.247,0.0,0.078,120.1,-10.265,0.354,0.321,224000,1,r-n-b
0.675,0.408,0,1,0.142,0.000714,0.16,90.111,-10.861,0.901,0.229,121374,1,indie-pop
0.756,0.448,3,0,0.0404,3.87e-06,0.11,139.031,-2.993,0.0508,0.431,204887,1,dance
0.406,0.399,7,1,0.0278,0.678,0.112,142.83,-10.449,0.756,0.163,256799,1,ambient
0.775,0.327,11,1,0.0557,0.0,0.0821,91.05,-7.241,0.841,0.595,189486,1,pop
0.749,0.535,4,1,0.0336,3.65e-05,0.0982,123.042,-6.785,0.0131,0.601,196606,1,dance
0.574,0.664,11,1,0.0409,0.0553,0.146,144.654,-6.068,0.0448,0.226,91869,1,indie-pop
0.857,0.427,8,1,0.112,0.0,0.108,130.033,-8.638,0.281,0.366,162453,1,r-n-b
0.637,0.929,4,1,0.0491,2.62e-05,0.344,80.974,-3.593,0.00167,0.902,147350,1,indie-pop
0.787,0.673,11,0,0.159,3.35e-06,0.0904,110.962,-4.583,0.264,0.779,237893,1,dance
0.749,0.463,11,1,0.0842,0.0382,0.338,90.035,-8.433,0.21,0.189,226986,1,dance
0.548,0.816,0,1,0.0465,0.0,0.335,95.39,-4.209,0.122,0.557,174000,1,pop
0.514,0.73,1,1,0.0598,9.54e-05,0.0897,171.005,-5.934,0.00146,0.334,200040,1,pop
0.73,0.729,4,0,0.0884,1.39e-06,0.349,113.011,-3.434,0.167,0.467,221820,1,dance
0.357,0.425,5,1,0.0333,0.0,0.322,102.078,-7.301,0.584,0.27,198040,1,pop
0.695,0.884,6,0,0.0753,0.0,0.213,103.014,-2.278,0.0561,0.914,203807,1,dance
0.81,0.353,6,1,0.0437,0.000104,0.082,124.991,-9.536,0.0473,0.731,175312,1,indie-pop
0.761,0.525,11,1,0.0944,6.7e-06,0.0921,80.87,-6.9,0.44,0.531,238805,1,indie-pop
0.599,0.465,4,1,0.0314,1.57e-06,0.149,113.82,-4.95,0.643,0.0678,230880,1,german
0.576,0.679,0,1,0.034,0.0,0.323,121.005,-7.237,0.0311,0.213,187888,1,piano
0.399,0.491,6,0,0.0538,0.00089,0.11,91.066,-10.778,0.0563,0.151,210463,1,indie-pop
0.509,0.448,4,0,0.0357,0.0137,0.244,156.909,-7.552,0.00713,0.221,230613,1,blues
0.685,0.76,2,1,0.0512,0.151,0.0866,160.035,-7.813,0.0199,0.781,125812,1,emo
0.789,0.711,2,1,0.041,0.0,0.0876,112.985,-4.248,0.0332,0.753,190306,1,dance
0.849,0.758,8,1,0.256,0.695,0.147,115.058,-7.498,0.499,0.0684,151625,1,hip-hop
0.746,0.765,6,0,0.0993,0.0,0.0936,114.044,-4.41,0.0112,0.737,199053,1,k-pop
0.829,0.512,6,0,0.187,0.0,0.12,80.511,-5.865,0.492,0.638,123986,1,r-n-b
0.578,0.386,6,1,0.0278,0.0453,0.307,154.902,-11.464,0.208,0.569,234093,1,alt-rock
0.487,0.65,0,1,0.0253,0.0,0.0933,151.964,-5.195,0.191,0.456,232533,1,country
0.372,0.537,9,1,0.0305,0.873,0.287,123.735,-7.623,0.937,0.228,212750,1,indie-pop
0.609,0.449,5,0,0.249,0.000115,0.147,143.854,-13.291,0.326,0.309,194165,1,indie-pop
0.662,0.413,0,1,0.0299,0.0,0.134,93.005,-7.357,0.213,0.467,161384,1,hip-hop
0.679,0.61,7,0,0.0305,9.51e-05,0.156,123.978,-10.936,0.585,0.554,227186,1,indie-pop
0.471,0.634,8,1,0.031,0.365,0.374,132.542,-7.406,0.159,0.366,208500,1,indie-pop
0.512,0.483,0,1,0.0298,0.0011,0.12,160.009,-7.798,0.00304,0.367,217026,1,alt-rock
0.767,0.659,1,1,0.0444,0.0,0.13,124.946,-7.429,0.325,0.439,163208,1,house
0.376,0.657,7,1,0.0768,0.0,0.0884,80.565,-4.658,0.0858,0.203,164781,1,hip-hop
0.601,0.741,2,1,0.0478,2.91e-05,0.415,153.96,-5.569,0.185,0.441,153190,1,pop
0.731,0.626,11,1,0.0805,0.0,0.183,82.488,-6.919,0.125,0.862,173640,1,indie-pop
0.664,0.609,1,1,0.0707,0.0,0.0926,130.041,-6.509,0.304,0.194,210560,1,dance
0.759,0.459,8,1,0.0948,0.0,0.0788,109.997,-5.187,0.00323,0.695,164952,1,k-pop
0.765,0.373,8,1,0.0713,0.525,0.112,85.016,-9.921,0.341,0.554,195776,1,electro
0.895,0.389,7,0,0.11,0.0346,0.105,110.023,-11.036,0.222,0.549,196730,1,electro
0.632,0.284,9,0,0.0801,0.000476,0.233,129.642,-14.025,0.932,0.208,245896,1,electro
0.855,0.463,3,1,0.0367,1.77e-05,0.347,102.931,-7.454,0.217,0.866,122772,1,alternative
0.647,0.765,1,1,0.06,0.0,0.315,79.994,-6.459,0.111,0.855,161853,1,country
0.807,0.893,11,0,0.0347,2.79e-05,0.366,126.011,-3.745,0.0451,0.537,230746,1,pop
0.386,0.426,3,1,0.0363,0.0,0.14,180.104,-6.642,0.807,0.261,203384,1,electro
0.422,0.25,0,1,0.0351,0.0,0.35,124.026,-6.836,0.441,0.246,161612,1,singer-songwriter
0.824,0.764,5,0,0.0854,0.00294,0.117,107.998,-4.175,0.0888,0.881,172626,1,dance
0.702,0.741,9,1,0.0427,0.0,0.337,124.925,-5.33,0.00544,0.646,187585,1,k-pop
0.731,0.85,9,1,0.0336,0.0,0.605,119.706,-4.913,0.252,0.644,157477,1,country
0.808,0.903,9,1,0.0729,0.0,0.0816,120.044,-2.179,0.0899,0.922,198053,1,k-pop
0.737,0.846,1,0,0.22,0.0,0.0486,87.981,-4.51,0.00614,0.546,143901,1,hip-hop
0.559,0.559,11,1,0.0358,0.0,0.138,72.498,-6.425,0.0145,0.338,220779,1,dance
0.539,0.508,10,1,0.0288,0.0,0.174,101.358,-6.05,0.727,0.227,177720,1,pop
0.826,0.553,1,0,0.234,4.12e-05,0.135,140.037,-10.121,0.163,0.4,168227,1,k-pop
0.742,0.527,8,0,0.0769,0.0,0.25,84.974,-6.892,0.327,0.638,169237,1,singer-songwriter
0.69,0.626,6,1,0.306,0.000335,0.0881,184.009,-5.693,0.105,0.912,187703,1,dance
0.863,0.482,1,1,0.439,0.0,0.148,140.021,-9.132,0.621,0.618,193714,1,chill
0.604,0.366,5,1,0.0282,0.0,0.133,141.981,-7.519,0.578,0.13,224694,1,british
0.698,0.623,8,0,0.037,0.0856,0.179,102.002,-7.845,0.623,0.625,204376,1,dance
0.437,0.565,10,1,0.0466,0.0,0.119,115.389,-5.596,0.697,0.306,376169,1,british
0.534,0.725,1,1,0.046,0.0,0.0264,88.098,-3.906,0.091,0.55,225148,1,british
0.667,0.457,6,0,0.439,0.0,0.114,97.604,-6.885,0.341,0.266,109325,1,chill
0.326,0.866,9,0,0.101,7.37e-06,0.0912,178.181,-4.541,0.0044,0.172,215040,1,indie
0.601,0.787,0,1,0.031,0.0,0.142,134.981,-6.178,0.0492,0.525,175163,1,dance
0.63,0.91,10,0,0.058,1.91e-06,0.125,123.017,-2.681,0.0231,0.525,167142,1,edm
0.685,0.738,8,1,0.0595,0.0,0.128,112.972,-4.413,0.0695,0.8,167613,1,folk
0.758,0.674,6,1,0.108,0.0,0.0902,97.977,-4.533,0.0903,0.424,181224,1,chill
0.773,0.742,5,0,0.046,0.0,0.0754,114.071,-3.678,0.0206,0.571,165264,1,rock
0.684,0.545,1,1,0.121,0.0,0.102,143.049,-6.885,0.159,0.407,135264,1,r-n-b
0.836,0.743,10,0,0.0656,0.0,0.335,108.966,-6.305,0.0995,0.722,191822,1,hip-hop
0.52,0.731,6,0,0.0557,0.00101,0.311,173.93,-5.338,0.342,0.662,167303,1,pop
