Student_ID,Age,Gender,Academic_Level,Country,Avg_Daily_Usage_Hours,Most_Used_Platform,Affects_Academic_Performance,Sleep_Hours_Per_Night,Mental_Health_Score,Relationship_Status,Conflicts_Over_Social_Media,Addicted_Score
1,19,0,2,10,5.2,1,1,6.5,6,1,3,8
2,22,1,0,39,2.1,7,0,7.5,8,2,0,3
3,20,0,2,102,6.0,6,1,5.0,5,0,4,9
4,18,1,1,101,3.0,11,0,7.0,7,2,1,4
5,21,1,0,18,4.5,0,1,6.0,6,1,2,7
6,19,0,2,5,7.2,1,1,4.5,4,0,5,9
7,23,1,0,33,1.5,4,0,8.0,9,2,0,2
8,20,0,2,16,5.8,5,1,6.0,6,1,2,8
9,18,1,1,46,4.0,6,0,6.5,7,2,1,5
10,21,0,0,89,3.3,1,0,7.0,7,1,1,4
11,19,1,2,31,4.8,5,1,6.2,5,0,3,7
12,20,0,2,90,5.5,6,1,5.8,6,1,2,8
13,22,1,0,44,2.8,4,0,7.2,8,2,1,4
14,18,0,1,61,6.5,1,1,5.5,5,2,4,9
15,21,1,2,82,3.7,11,0,6.8,7,1,2,5
16,20,0,2,20,4.2,6,1,6.0,6,0,3,7
17,24,1,0,92,2.0,4,0,7.8,8,2,0,3
18,19,0,1,71,5.0,1,1,5.7,5,1,3,8
19,21,1,2,26,3.5,0,0,6.7,7,2,1,5
20,20,0,2,67,4.7,5,1,5.9,6,0,3,7
21,18,1,1,12,5.3,6,1,5.5,5,2,4,8
22,23,0,0,93,2.5,4,0,7.3,8,1,1,4
23,19,1,2,6,4.9,1,1,5.8,6,0,3,7
24,20,0,2,79,5.7,6,1,5.4,5,2,4,8
25,22,1,0,35,3.2,0,0,6.9,7,1,2,5
26,19,0,1,42,6.1,1,1,5.2,5,0,4,9
27,21,1,2,68,3.8,11,0,6.6,7,2,1,5
28,20,0,2,85,4.4,6,1,5.9,6,1,3,7
29,24,1,0,58,2.2,4,0,7.4,8,2,0,3
30,19,0,1,97,5.9,1,1,5.3,5,0,4,8
31,21,1,2,108,3.6,0,0,6.7,7,2,1,5
32,20,0,2,77,4.8,5,1,5.7,6,1,3,7
33,18,1,1,40,5.4,6,1,5.4,5,0,4,8
34,23,0,0,95,2.6,4,0,7.2,8,2,1,4
35,19,1,2,36,4.7,1,1,5.8,6,1,3,7
36,20,0,2,99,5.6,6,1,5.5,5,0,4,8
37,22,1,0,43,3.1,0,0,6.8,7,2,1,5
38,19,0,1,100,6.2,1,1,5.1,5,1,4,9
39,21,1,2,28,3.9,11,0,6.5,7,0,2,6
40,20,0,2,65,4.5,6,1,5.8,6,2,3,7
41,24,1,0,88,2.3,4,0,7.3,8,1,1,4
42,19,0,1,69,5.8,1,1,5.4,5,0,4,8
43,21,1,2,49,3.7,0,0,6.6,7,2,2,5
44,20,0,2,34,4.6,5,1,5.7,6,1,3,7
45,18,1,1,3,5.5,6,1,5.3,5,2,4,8
46,23,0,0,19,2.7,4,0,7.1,8,0,1,4
47,19,1,2,21,4.8,1,1,5.9,6,1,3,7
48,20,0,2,76,5.5,6,1,5.6,5,2,4,8
49,22,1,0,107,3.3,0,0,6.7,7,1,2,5
50,19,0,1,27,6.3,1,1,5.2,5,0,4,9
51,21,1,2,104,3.8,11,0,6.4,7,2,2,6
52,20,0,2,75,4.7,6,1,5.8,6,1,3,7
53,24,1,0,14,2.4,4,0,7.2,8,0,1,4
54,19,0,1,22,5.7,1,1,5.5,5,2,4,8
55,21,1,2,74,3.6,0,0,6.5,7,1,2,5
56,20,0,2,45,4.9,5,1,5.6,6,0,3,7
57,18,1,1,98,5.6,6,1,5.2,5,2,4,8
58,23,0,0,8,2.8,4,0,7.0,8,1,1,4
59,19,1,2,38,4.6,1,1,5.9,6,0,3,7
60,20,0,2,30,5.4,6,1,5.7,5,2,4,8
61,22,1,0,78,3.1,0,0,7.1,7,2,1,5
62,19,0,2,81,5.6,1,1,5.6,5,1,3,8
63,20,1,2,37,4.2,6,1,6.0,6,0,3,7
64,18,0,1,25,6.1,5,1,5.2,4,2,4,9
65,23,1,0,86,2.3,4,0,7.4,8,1,1,3
66,21,0,2,23,4.8,1,1,5.8,6,2,3,7
67,20,1,2,84,3.9,11,0,6.5,7,0,2,6
68,19,0,1,87,5.7,6,1,5.4,5,1,4,8
69,22,1,0,17,2.8,4,0,7.2,8,2,1,4
70,20,0,2,29,4.5,1,1,5.9,6,0,3,7
71,18,1,1,53,5.4,5,1,5.5,5,2,4,8
72,21,0,0,56,3.2,0,0,6.8,7,1,2,5
73,19,1,2,103,4.9,6,1,5.7,6,0,3,7
74,20,0,2,62,5.8,1,1,5.3,5,2,4,8
75,23,1,0,11,2.5,4,0,7.3,8,1,1,4
76,21,0,2,48,4.6,5,1,5.8,6,2,3,7
77,19,1,1,105,5.5,6,1,5.4,5,0,4,8
78,22,0,0,52,2.9,0,0,7.0,7,1,2,5
79,20,1,2,96,4.7,11,1,5.9,6,2,3,7
80,18,0,1,4,5.9,1,1,5.2,5,0,4,9
81,21,1,0,32,3.0,4,0,7.1,8,1,1,4
82,19,0,2,7,4.8,6,1,5.7,6,2,3,7
83,20,1,2,24,3.8,0,0,6.6,7,0,2,6
84,22,0,0,60,2.7,4,0,7.2,8,1,1,4
85,18,1,1,57,5.6,5,1,5.3,5,2,4,8
86,21,0,2,63,4.5,1,1,5.8,6,0,3,7
87,19,1,1,2,5.3,6,1,5.5,5,1,4,8
88,23,0,0,83,2.6,4,0,7.3,8,2,1,4
89,20,1,2,106,4.4,11,1,6.0,6,0,3,7
90,18,0,1,55,5.8,1,1,5.2,5,2,4,9
91,22,1,0,64,2.9,0,0,7.0,7,1,2,5
92,19,0,2,1,4.7,6,1,5.8,6,0,3,7
93,21,1,2,70,3.7,5,0,6.5,7,2,2,6
94,20,0,1,50,5.5,1,1,5.4,5,1,4,8
95,23,1,0,15,2.4,4,0,7.4,8,0,1,4
96,19,0,2,80,4.9,6,1,5.7,6,2,3,7
97,18,1,1,51,5.7,5,1,5.3,5,1,4,8
98,22,0,0,9,2.8,4,0,7.1,8,0,1,4
99,20,1,2,72,4.6,1,1,5.9,6,2,3,7
100,21,0,2,47,5.4,6,1,5.5,5,1,4,8
101,19,1,1,54,5.8,11,1,5.2,5,0,4,9
102,23,0,0,41,2.5,4,0,7.3,8,2,1,4
103,20,1,2,109,4.7,0,1,5.8,6,1,3,7
104,18,0,1,94,5.6,1,1,5.4,5,2,4,8
105,22,1,0,0,2.9,4,0,7.0,7,0,2,5
106,19,0,2,73,4.8,6,1,5.7,6,1,3,7
107,21,1,2,66,3.8,11,0,6.6,7,2,2,6
108,20,0,1,13,5.5,5,1,5.5,5,0,4,8
109,23,1,0,91,2.6,4,0,7.2,8,1,1,4
110,19,0,2,59,4.9,1,1,5.8,6,2,3,7
111,20,1,2,10,6.1,1,1,6.2,5,2,4,8
112,21,0,2,39,5.8,6,1,5.9,6,1,3,7
113,19,1,2,66,4.9,0,0,7.1,7,2,2,5
114,22,0,0,73,5.5,1,1,6.0,5,2,4,8
115,20,1,2,91,5.2,6,1,6.3,6,1,3,7
116,19,0,2,59,4.8,1,0,7.2,8,2,2,5
117,21,1,0,10,6.0,0,1,5.8,5,1,4,8
118,20,0,2,39,5.7,1,1,6.1,6,2,3,7
119,22,1,0,66,4.7,6,0,7.3,7,2,2,5
120,19,0,2,73,5.4,1,1,6.2,5,1,4,8
121,20,1,2,91,5.9,0,1,5.9,6,2,3,7
122,21,0,0,59,4.6,1,0,7.4,8,1,2,5
123,19,1,2,10,5.3,6,1,6.3,5,2,4,8
124,22,0,0,39,5.8,1,1,5.8,6,1,3,7
125,20,1,2,66,4.5,0,0,7.5,7,2,2,5
126,21,0,0,73,5.2,1,1,6.4,5,1,4,8
127,19,1,2,91,5.7,6,1,5.7,6,2,3,7
128,20,0,2,59,4.4,1,0,7.6,8,1,2,5
129,22,1,0,10,5.1,0,1,6.5,5,2,4,8
130,21,0,0,39,5.6,1,1,5.6,6,1,3,7
131,19,1,2,66,4.3,6,0,7.7,7,2,2,5
132,20,0,2,73,5.0,1,1,6.6,5,1,4,8
133,22,1,0,91,5.5,0,1,5.5,6,2,3,7
134,21,0,0,59,4.2,1,0,7.8,8,1,2,5
135,19,1,2,10,4.9,6,1,6.7,5,2,4,8
136,20,0,2,39,5.4,1,1,5.4,6,1,3,7
137,22,1,0,66,4.1,0,0,7.9,7,2,2,5
138,21,0,0,73,4.8,1,1,6.8,5,1,4,8
139,19,1,2,91,5.3,6,1,5.3,6,2,3,7
140,20,0,2,59,4.0,1,0,8.0,8,1,2,5
141,22,1,0,10,4.7,0,1,6.9,5,2,4,8
142,21,0,0,39,5.2,1,1,5.2,6,1,3,7
143,19,1,2,66,3.9,6,0,8.1,7,2,2,5
144,20,0,2,73,4.6,1,1,7.0,5,1,4,8
145,22,1,0,91,5.1,0,1,5.1,6,2,3,7
146,21,0,0,59,3.8,1,0,8.2,8,1,2,5
147,19,1,2,10,4.5,6,1,7.1,5,2,4,8
148,20,0,2,39,5.0,1,1,5.0,6,1,3,7
149,22,1,0,66,3.7,0,0,8.3,7,2,2,5
150,21,0,0,73,4.4,1,1,7.2,5,1,4,8
151,19,1,2,91,4.9,6,1,4.9,6,2,3,7
152,20,0,2,59,3.6,1,0,8.4,8,1,2,5
153,22,1,0,10,4.3,0,1,7.3,5,2,4,8
154,21,0,0,39,4.8,1,1,4.8,6,1,3,7
155,19,1,2,66,3.5,6,0,8.5,7,2,2,5
156,20,0,2,73,4.2,1,1,7.4,5,1,4,8
157,22,1,0,91,4.7,0,1,4.7,6,2,3,7
158,21,0,0,59,3.4,1,0,8.6,8,1,2,5
159,19,1,2,10,4.1,6,1,7.5,5,2,4,8
160,20,0,2,39,4.6,1,1,4.6,6,1,3,7
161,19,0,2,10,5.3,1,1,6.1,5,2,3,7
162,21,1,0,39,4.8,0,0,7.2,7,1,2,6
163,20,0,2,66,5.5,6,1,5.9,6,2,4,8
164,22,1,0,73,4.7,1,1,6.3,5,1,3,7
165,19,0,2,91,5.1,0,0,7.0,7,2,2,5
166,21,1,0,59,5.4,6,1,6.0,6,1,4,8
167,20,0,2,10,4.9,1,1,6.4,5,2,3,7
168,22,1,0,39,5.2,0,0,7.1,7,1,2,6
169,19,0,2,66,5.6,6,1,5.8,6,2,4,8
170,21,1,0,73,4.6,1,1,6.5,5,1,3,7
171,20,0,2,91,5.0,0,0,7.3,7,2,2,5
172,22,1,0,59,5.3,6,1,5.7,6,1,4,8
173,19,0,2,10,4.8,1,1,6.6,5,2,3,7
174,21,1,0,39,5.1,0,0,7.4,7,1,2,6
175,20,0,2,66,5.7,6,1,5.6,6,2,4,8
176,22,1,0,73,4.5,1,1,6.7,5,1,3,7
177,19,0,2,91,4.9,0,0,7.5,7,2,2,5
178,21,1,0,59,5.2,6,1,5.5,6,1,4,8
179,20,0,2,10,4.7,1,1,6.8,5,2,3,7
180,22,1,0,39,5.0,0,0,7.6,7,1,2,6
181,19,0,2,66,5.8,6,1,5.4,6,2,4,8
182,21,1,0,73,4.4,1,1,6.9,5,1,3,7
183,20,0,2,91,4.8,0,0,7.7,7,2,2,5
184,22,1,0,59,5.1,6,1,5.3,6,1,4,8
185,19,0,2,10,4.6,1,1,7.0,5,2,3,7
186,21,1,0,39,4.9,0,0,7.8,7,1,2,6
187,20,0,2,66,5.9,6,1,5.2,6,2,4,8
188,22,1,0,73,4.3,1,1,7.1,5,1,3,7
189,19,0,2,91,4.7,0,0,7.9,7,2,2,5
190,21,1,0,59,5.0,6,1,5.1,6,1,4,8
191,20,0,2,10,4.5,1,1,7.2,5,2,3,7
192,22,1,0,39,4.8,0,0,8.0,7,1,2,6
193,19,0,2,66,6.0,6,1,5.0,6,2,4,8
194,21,1,0,73,4.2,1,1,7.3,5,1,3,7
195,20,0,2,91,4.6,0,0,8.1,7,2,2,5
196,22,1,0,59,4.9,6,1,4.9,6,1,4,8
197,19,0,2,10,4.4,1,1,7.4,5,2,3,7
198,21,1,0,39,4.7,0,0,8.2,7,1,2,6
199,20,0,2,66,6.1,6,1,4.8,6,2,4,8
200,22,1,0,73,4.1,1,1,7.5,5,1,3,7
201,19,0,2,91,4.5,0,0,8.3,7,2,2,5
202,21,1,0,59,4.8,6,1,4.7,6,1,4,8
203,20,0,2,10,4.3,1,1,7.6,5,2,3,7
204,22,1,0,39,4.6,0,0,8.4,7,1,2,6
205,19,0,2,66,6.2,6,1,4.6,6,2,4,8
206,21,1,0,73,4.0,1,1,7.7,5,1,3,7
207,20,0,2,91,4.4,0,0,8.5,7,2,2,5
208,22,1,0,59,4.7,6,1,4.5,6,1,4,8
209,19,0,2,10,4.2,1,1,7.8,5,2,3,7
210,21,1,0,39,4.5,0,0,8.6,7,1,2,6
211,20,0,2,66,6.3,6,1,4.4,6,2,4,8
212,22,1,0,73,3.9,1,1,7.9,5,1,3,7
213,19,0,2,91,4.3,0,0,8.7,7,2,2,5
214,21,1,0,59,4.6,6,1,4.3,6,1,4,8
215,20,0,2,10,4.1,1,1,8.0,5,2,3,7
216,22,1,0,39,4.4,0,0,8.8,7,1,2,6
217,19,0,2,66,6.4,6,1,4.2,6,2,4,8
218,21,1,0,73,3.8,1,1,8.1,5,1,3,7
219,20,0,2,91,4.2,0,0,8.9,7,2,2,5
220,22,1,0,59,4.5,6,1,4.1,6,1,4,8
221,19,0,2,102,6.5,1,1,6.0,5,2,4,9
222,21,1,0,101,5.8,6,1,6.5,6,1,3,7
223,20,0,2,5,4.5,1,0,7.5,8,2,2,5
224,22,1,0,33,4.2,0,0,7.8,7,1,2,4
225,19,0,2,46,3.8,3,0,7.9,8,2,1,3
226,21,1,0,44,5.5,1,1,6.8,6,2,3,7
227,20,0,2,89,5.2,2,1,6.5,6,1,3,6
228,22,1,0,82,4.8,8,0,7.2,7,2,2,5
229,19,0,2,102,7.0,6,1,5.8,4,1,4,9
230,21,1,0,101,5.5,1,1,6.7,6,2,3,7
231,20,0,2,5,4.7,0,0,7.4,7,1,2,5
232,22,1,0,33,4.0,1,0,7.9,8,2,1,4
233,19,0,2,46,3.5,3,0,8.0,8,2,1,3
234,21,1,0,44,5.7,6,1,6.5,5,1,3,8
235,20,0,2,89,5.0,2,1,6.8,6,2,3,6
236,22,1,0,82,4.5,8,0,7.4,7,1,2,5
237,19,0,2,102,6.8,1,1,5.9,4,2,4,9
238,21,1,0,101,5.6,0,1,6.6,6,1,3,7
239,20,0,2,5,4.6,1,0,7.3,7,2,2,5
240,22,1,0,33,4.1,0,0,7.7,8,1,2,4
241,19,0,2,46,3.7,3,0,7.8,8,2,1,3
242,21,1,0,44,5.4,1,1,6.7,5,2,3,7
243,20,0,2,89,5.1,2,1,6.6,6,1,3,6
244,22,1,0,82,4.7,8,0,7.3,7,2,2,5
245,19,0,2,102,6.9,6,1,5.7,4,1,4,9
246,21,1,0,101,5.7,1,1,6.4,6,2,3,7
247,20,0,2,5,4.8,0,0,7.2,7,1,2,5
248,22,1,0,33,3.9,1,0,7.8,8,2,1,4
249,19,0,2,46,3.6,3,0,8.1,8,2,1,3
250,21,1,0,44,5.6,6,1,6.6,5,1,3,8
251,20,0,2,89,4.9,2,1,6.9,6,2,3,6
252,22,1,0,82,4.6,8,0,7.5,7,1,2,5
253,19,0,2,102,6.7,1,1,5.8,4,2,4,9
254,21,1,0,101,5.4,0,1,6.5,6,1,3,7
255,20,0,2,5,4.4,1,0,7.4,7,2,2,5
256,22,1,0,33,4.0,0,0,7.6,8,1,2,4
257,19,0,2,46,3.4,3,0,8.2,8,2,1,3
258,21,1,0,44,5.3,1,1,6.8,5,2,3,7
259,20,0,2,89,5.0,2,1,6.7,6,1,3,6
260,22,1,0,82,4.4,8,0,7.6,7,2,2,5
261,19,0,2,102,6.6,6,1,5.6,4,1,4,9
262,21,1,0,101,5.3,1,1,6.3,6,2,3,7
263,20,0,2,5,4.3,0,0,7.5,7,1,2,5
264,22,1,0,33,3.8,1,0,7.7,8,2,1,4
265,19,0,2,46,3.3,3,0,8.3,8,2,1,3
266,21,1,0,44,5.2,6,1,6.9,5,1,3,8
267,20,0,2,89,4.8,2,1,7.0,6,2,3,6
268,22,1,0,82,4.3,8,0,7.7,7,1,2,5
269,19,0,2,102,6.4,1,1,5.7,4,2,4,9
270,21,1,0,101,5.2,0,1,6.4,6,1,3,7
271,20,0,2,5,4.5,1,0,7.3,7,2,2,5
272,22,1,0,33,3.7,0,0,7.8,8,1,1,4
273,19,0,2,46,3.2,3,0,8.4,8,2,1,3
274,21,1,0,44,5.4,1,1,6.7,5,2,3,7
275,20,0,2,89,4.7,2,1,7.1,6,1,3,6
276,22,1,0,82,4.2,8,0,7.8,7,2,2,5
277,19,0,2,102,6.6,6,1,5.5,4,1,4,9
278,21,1,0,101,5.1,1,1,6.5,6,2,3,7
279,20,0,2,5,4.4,0,0,7.4,7,1,2,5
280,22,1,0,33,3.6,1,0,7.9,8,2,1,4
281,19,0,2,46,3.1,3,0,8.5,8,2,1,3
282,21,1,0,44,5.3,6,1,6.8,5,1,3,8
283,20,0,2,89,4.6,2,1,7.2,6,2,3,6
284,22,1,0,82,4.1,8,0,7.9,7,1,2,5
285,19,0,2,102,6.7,1,1,5.4,4,2,4,9
286,21,1,0,101,5.0,0,1,6.6,6,1,3,7
287,20,0,2,5,4.3,1,0,7.5,7,2,2,5
288,22,1,0,33,3.5,0,0,8.0,8,1,1,4
289,19,0,2,46,3.0,3,0,8.6,8,2,1,3
290,21,1,0,44,5.2,1,1,6.9,5,2,3,7
291,20,0,2,89,4.5,2,1,7.3,6,1,3,6
292,22,1,0,82,4.0,8,0,8.0,7,2,2,5
293,19,0,2,102,6.8,6,1,5.3,4,1,4,9
294,21,1,0,101,4.9,1,1,6.7,6,2,3,7
295,20,0,2,5,4.2,0,0,7.6,7,1,2,5
296,22,1,0,33,3.4,1,0,8.1,8,2,1,4
297,19,0,2,46,2.9,3,0,8.7,8,2,1,3
298,21,1,0,44,5.1,6,1,7.0,5,1,3,8
299,20,0,2,89,4.4,2,1,7.4,6,2,3,6
300,22,1,0,82,3.9,8,0,8.1,7,1,2,5
301,19,0,2,102,6.9,1,1,5.2,4,2,4,9
302,21,1,0,101,4.8,0,1,6.8,6,1,3,7
303,20,0,2,5,4.1,1,0,7.7,7,2,2,5
304,22,1,0,33,3.3,0,0,8.2,8,1,1,4
305,19,0,2,46,2.8,3,0,8.8,8,2,1,3
306,21,1,0,44,5.0,1,1,7.1,5,2,3,7
307,20,0,2,89,4.3,2,1,7.5,6,1,3,6
308,22,1,0,82,3.8,8,0,8.2,7,2,2,5
309,19,0,2,102,7.0,6,1,5.1,4,1,4,9
310,21,1,0,101,4.7,1,1,6.9,6,2,3,7
311,20,0,2,5,4.0,0,0,7.8,7,1,2,5
312,22,1,0,33,3.2,1,0,8.3,8,2,1,4
313,19,0,2,46,2.7,3,0,8.9,8,2,1,3
314,21,1,0,44,4.9,6,1,7.2,5,1,3,8
315,20,0,2,89,4.2,2,1,7.6,6,2,3,6
316,22,1,0,82,3.7,8,0,8.3,7,1,2,5
317,19,0,2,102,7.1,1,1,5.0,4,2,4,9
318,21,1,0,101,4.6,0,1,7.0,6,1,3,7
319,20,0,2,5,3.9,1,0,7.9,7,2,2,5
320,22,1,0,33,3.1,0,0,8.4,8,1,1,4
321,19,0,2,90,5.2,1,1,6.8,6,2,3,7
322,21,1,0,26,4.1,0,0,7.8,8,1,2,4
323,20,0,2,42,5.0,1,1,7.0,7,2,3,6
324,22,1,0,39,5.8,10,1,6.5,5,1,4,8
325,19,0,2,93,4.0,1,0,7.9,8,2,2,4
326,21,1,0,99,5.5,1,1,6.7,6,2,3,7
327,20,0,2,102,6.8,6,1,5.5,5,1,4,9
328,22,1,0,61,5.6,10,1,6.6,6,2,3,7
329,19,0,2,31,4.5,1,0,7.5,7,1,2,5
330,21,1,0,18,5.3,1,1,6.9,6,2,3,7
331,20,0,2,90,5.1,6,1,6.7,6,2,3,7
332,22,1,0,26,3.9,0,0,7.9,8,1,2,4
333,19,0,2,42,4.8,1,1,7.1,7,2,3,6
334,21,1,0,39,5.9,10,1,6.4,5,1,4,8
335,20,0,2,93,3.8,1,0,8.0,8,2,2,4
336,22,1,0,99,5.4,6,1,6.8,6,2,3,7
337,19,0,2,102,6.9,1,1,5.4,5,1,4,9
338,21,1,0,61,5.7,10,1,6.5,6,2,3,7
339,20,0,2,31,4.4,1,0,7.6,7,1,2,5
340,22,1,0,18,5.2,6,1,7.0,6,2,3,7
341,19,0,2,90,5.0,1,1,6.9,6,2,3,7
342,21,1,0,26,3.8,0,0,8.0,8,1,2,4
343,20,0,2,42,4.7,6,1,7.2,7,2,3,6
344,22,1,0,39,6.0,10,1,6.3,5,1,4,8
345,19,0,2,93,3.7,1,0,8.1,8,2,2,4
346,21,1,0,99,5.3,1,1,6.9,6,2,3,7
347,20,0,2,102,7.0,6,1,5.3,5,1,4,9
348,22,1,0,61,5.8,10,1,6.4,6,2,3,7
349,19,0,2,31,4.3,1,0,7.7,7,1,2,5
350,21,1,0,18,5.1,1,1,7.1,6,2,3,7
351,20,0,2,90,4.9,6,1,7.0,6,2,3,7
352,22,1,0,26,3.7,0,0,8.1,8,1,2,4
353,19,0,2,42,4.6,1,1,7.3,7,2,3,6
354,21,1,0,39,6.1,10,1,6.2,5,1,4,8
355,20,0,2,93,3.6,1,0,8.2,8,2,2,4
356,22,1,0,99,5.2,6,1,7.0,6,2,3,7
357,19,0,2,102,7.1,1,1,5.2,5,1,4,9
358,21,1,0,61,5.9,10,1,6.3,6,2,3,7
359,20,0,2,31,4.2,1,0,7.8,7,1,2,5
360,22,1,0,18,5.0,6,1,7.2,6,2,3,7
361,19,0,2,90,4.8,1,1,7.1,6,2,3,7
362,21,1,0,26,3.6,0,0,8.2,8,1,2,4
363,20,0,2,42,4.5,6,1,7.4,7,2,3,6
364,22,1,0,39,6.2,10,1,6.1,5,1,4,8
365,19,0,2,93,3.5,1,0,8.3,8,2,2,4
366,21,1,0,99,5.1,1,1,7.1,6,2,3,7
367,20,0,2,102,7.2,6,1,5.1,5,1,4,9
368,22,1,0,61,6.0,10,1,6.2,6,2,3,7
369,19,0,2,31,4.1,1,0,7.9,7,1,2,5
370,21,1,0,18,4.9,1,1,7.3,6,2,3,7
371,20,0,2,90,4.7,6,1,7.2,6,2,3,7
372,22,1,0,26,3.5,0,0,8.3,8,1,2,4
373,19,0,2,42,4.4,1,1,7.5,7,2,3,6
374,21,1,0,39,6.3,10,1,6.0,5,1,4,8
375,20,0,2,93,3.4,1,0,8.4,8,2,2,4
376,22,1,0,99,5.0,6,1,7.2,6,2,3,7
377,19,0,2,102,7.3,1,1,5.0,5,1,4,9
378,21,1,0,61,6.1,10,1,6.1,6,2,3,7
379,20,0,2,31,4.0,1,0,8.0,7,1,2,5
380,22,1,0,18,4.8,6,1,7.4,6,2,3,7
381,19,0,2,90,4.6,1,1,7.3,6,2,3,7
382,21,1,0,26,3.4,0,0,8.4,8,1,2,4
383,20,0,2,42,4.3,6,1,7.6,7,2,3,6
384,22,1,0,39,6.4,10,1,5.9,5,1,4,8
385,19,0,2,93,3.3,1,0,8.5,8,2,2,4
386,21,1,0,99,4.9,1,1,7.3,6,2,3,7
387,20,0,2,102,7.4,6,1,4.9,5,1,4,9
388,22,1,0,61,6.2,10,1,6.0,6,2,3,7
389,19,0,2,31,3.9,1,0,8.1,7,1,2,5
390,21,1,0,18,4.7,1,1,7.5,6,2,3,7
391,20,0,2,90,4.5,6,1,7.4,6,2,3,7
392,22,1,0,26,3.3,0,0,8.5,8,1,2,4
393,19,0,2,42,4.2,1,1,7.7,7,2,3,6
394,21,1,0,39,6.5,10,1,5.8,5,1,4,8
395,20,0,2,93,3.2,1,0,8.6,8,2,2,4
396,22,1,0,99,4.8,6,1,7.4,6,2,3,7
397,19,0,2,102,7.5,1,1,4.8,5,1,4,9
398,21,1,0,61,6.3,10,1,5.9,6,2,3,7
399,20,0,2,31,3.8,1,0,8.2,7,1,2,5
400,22,1,0,18,4.6,6,1,7.6,6,2,3,7
401,19,0,2,90,4.4,1,1,7.5,6,2,3,7
402,21,1,0,26,3.2,0,0,8.6,8,1,2,4
403,20,0,2,42,4.1,6,1,7.8,7,2,3,6
404,22,1,0,39,6.6,10,1,5.7,5,1,4,8
405,19,0,2,93,3.1,1,0,8.7,8,2,2,4
406,21,1,0,99,4.7,1,1,7.5,6,2,3,7
407,20,0,2,102,7.6,6,1,4.7,5,1,4,9
408,22,1,0,61,6.4,10,1,5.8,6,2,3,7
409,19,0,2,31,3.7,1,0,8.3,7,1,2,5
410,21,1,0,18,4.5,1,1,7.7,6,2,3,7
411,20,0,2,90,4.3,6,1,7.6,6,2,3,7
412,22,1,0,26,3.1,0,0,8.7,8,1,2,4
413,19,0,2,42,4.0,1,1,7.9,7,2,3,6
414,21,1,0,39,6.7,10,1,5.6,5,1,4,8
415,20,0,2,93,3.0,1,0,8.8,8,2,2,4
416,22,1,0,99,4.6,6,1,7.6,6,2,3,7
417,19,0,2,102,7.7,1,1,4.6,5,1,4,9
418,21,1,0,61,6.5,10,1,5.7,6,2,3,7
419,20,0,2,31,3.6,1,0,8.4,7,1,2,5
420,22,1,0,18,4.4,6,1,7.8,6,2,3,7
421,19,0,2,90,4.2,1,1,7.7,6,2,3,7
422,21,1,0,26,3.0,0,0,8.8,8,1,2,4
423,20,0,2,42,3.9,6,1,8.0,7,2,3,6
424,22,1,0,39,6.8,10,1,5.5,5,1,4,8
425,19,0,2,93,2.9,1,0,8.9,8,2,2,4
426,21,1,0,99,4.5,1,1,7.7,6,2,3,7
427,20,0,2,102,7.8,6,1,4.5,5,1,4,9
428,22,1,0,61,6.6,10,1,5.6,6,2,3,7
429,19,0,2,31,3.5,1,0,8.5,7,1,2,5
430,21,1,0,18,4.3,1,1,7.9,6,2,3,7
431,20,0,2,90,4.1,6,1,7.8,6,2,3,7
432,22,1,0,26,2.9,0,0,8.9,8,1,2,4
433,19,0,2,42,3.8,1,1,8.1,7,2,3,6
434,21,1,0,39,6.9,10,1,5.4,5,1,4,8
435,20,0,2,93,2.8,1,0,9.0,8,2,2,4
436,22,1,0,99,4.4,6,1,7.8,6,2,3,7
437,19,0,2,102,7.9,1,1,4.4,5,1,4,9
438,21,1,0,61,6.7,10,1,5.5,6,2,3,7
439,20,0,2,31,3.4,1,0,8.6,7,1,2,5
440,22,1,0,18,4.2,6,1,8.0,6,2,3,7
441,19,0,2,90,4.0,1,1,7.9,6,2,3,7
442,21,1,0,26,2.8,0,0,9.0,8,1,2,4
443,20,0,2,42,3.7,6,1,8.2,7,2,3,6
444,22,1,0,39,7.0,10,1,5.3,5,1,4,8
445,19,0,2,93,2.7,1,0,9.1,8,2,2,4
446,21,1,0,99,4.3,1,1,7.9,6,2,3,7
447,20,0,2,102,8.0,6,1,4.3,5,1,4,9
448,22,1,0,61,6.8,10,1,5.4,6,2,3,7
449,19,0,2,31,3.3,1,0,8.7,7,1,2,5
450,21,1,0,18,4.1,1,1,8.1,6,2,3,7
451,20,0,2,90,3.9,6,1,8.0,6,2,3,7
452,22,1,0,26,2.7,0,0,9.1,8,1,2,4
453,19,0,2,42,3.6,1,1,8.3,7,2,3,6
454,21,1,0,39,7.1,10,1,5.2,5,1,4,8
455,20,0,2,93,2.6,1,0,9.2,8,2,2,4
456,22,1,0,99,4.2,6,1,8.0,6,2,3,7
457,19,0,2,102,8.1,1,1,4.2,5,1,4,9
458,21,1,0,61,6.9,10,1,5.3,6,2,3,7
459,20,0,2,31,3.2,1,0,8.8,7,1,2,5
460,22,1,0,18,4.0,6,1,8.2,6,2,3,7
461,19,0,2,90,3.8,1,1,8.1,6,2,3,7
462,21,1,0,26,2.6,0,0,9.2,8,1,2,4
463,20,0,2,42,3.5,6,1,8.4,7,2,3,6
464,22,1,0,39,7.2,10,1,5.1,5,1,4,8
465,19,0,2,93,2.5,1,0,9.3,8,2,2,4
466,21,1,0,99,4.1,1,1,8.1,6,2,3,7
467,20,0,2,102,8.2,6,1,4.1,5,1,4,9
468,22,1,0,61,7.0,10,1,5.2,6,2,3,7
469,19,0,2,31,3.1,1,0,8.9,7,1,2,5
470,21,1,0,18,3.9,1,1,8.3,6,2,3,7
471,20,0,2,90,3.7,6,1,8.2,6,2,3,7
472,22,1,0,26,2.5,0,0,9.3,8,1,2,4
473,19,0,2,42,3.4,1,1,8.5,7,2,3,6
474,21,1,0,39,7.3,10,1,5.0,5,1,4,8
475,20,0,2,93,2.4,1,0,9.4,8,2,2,4
476,22,1,0,99,4.0,6,1,8.2,6,2,3,7
477,19,0,2,102,8.3,1,1,4.0,5,1,4,9
478,21,1,0,61,7.1,10,1,5.1,6,2,3,7
479,20,0,2,31,3.0,1,0,9.0,7,1,2,5
480,22,1,0,18,3.8,6,1,8.4,6,2,3,7
481,19,0,2,90,3.6,1,1,8.3,6,2,3,7
482,21,1,0,26,2.4,0,0,9.4,8,1,2,4
483,20,0,2,42,3.3,6,1,8.6,7,2,3,6
484,22,1,0,39,7.4,10,1,4.9,5,1,4,8
485,19,0,2,93,2.3,1,0,9.5,8,2,2,4
486,21,1,0,99,3.9,1,1,8.3,6,2,3,7
487,20,0,2,102,8.4,6,1,3.9,5,1,4,9
488,22,1,0,61,7.2,10,1,5.0,6,2,3,7
489,19,0,2,31,2.9,1,0,9.1,7,1,2,5
490,21,1,0,18,3.7,1,1,8.5,6,2,3,7
491,20,0,2,90,3.5,6,1,8.4,6,2,3,7
492,22,1,0,26,2.3,0,0,9.5,8,1,2,4
493,19,0,2,42,3.2,1,1,8.7,7,2,3,6
494,21,1,0,39,7.5,10,1,4.8,5,1,4,8
495,20,0,2,93,2.2,1,0,9.6,8,2,2,4
496,22,1,0,99,3.8,6,1,8.4,6,2,3,7
497,19,0,2,102,8.5,1,1,3.8,5,1,4,9
498,21,1,0,61,7.3,10,1,4.9,6,2,3,7
499,20,0,2,31,2.8,1,0,9.2,7,1,2,5
500,22,1,0,18,3.6,6,1,8.6,6,2,3,7
501,19,0,2,16,6.2,10,1,6.3,6,2,3,7
502,21,1,0,20,4.5,9,0,7.8,7,1,2,5
503,20,0,2,67,3.8,1,0,8.2,8,2,2,4
504,22,1,0,68,4.7,1,1,7.5,7,1,3,6
505,19,0,2,85,5.1,6,1,7.0,6,2,3,7
506,21,1,0,58,5.5,10,1,6.8,6,2,3,7
507,20,0,2,100,6.5,1,1,6.5,5,1,4,8
508,22,1,0,78,4.2,0,0,7.9,7,2,2,5
509,19,0,2,39,6.8,10,1,6.0,5,1,4,8
510,21,1,0,18,4.8,1,1,7.4,7,2,3,6
511,20,0,2,16,6.1,1,1,6.4,6,2,3,7
512,22,1,0,20,4.4,9,0,7.9,7,1,2,5
513,19,0,2,67,3.7,6,0,8.3,8,2,2,4
514,21,1,0,68,4.6,1,1,7.6,7,1,3,6
515,20,0,2,85,5.2,6,1,6.9,6,2,3,7
516,22,1,0,58,5.6,10,1,6.7,6,2,3,7
517,19,0,2,100,6.6,1,1,6.4,5,1,4,8
518,21,1,0,78,4.1,0,0,8.0,7,2,2,5
519,20,0,2,39,6.9,10,1,5.9,5,1,4,8
520,22,1,0,18,4.7,6,1,7.5,7,2,3,6
521,19,0,2,16,6.0,10,1,6.5,6,2,3,7
522,21,1,0,20,4.3,9,0,8.0,7,1,2,5
523,20,0,2,67,3.6,1,0,8.4,8,2,2,4
524,22,1,0,68,4.5,0,1,7.7,7,1,3,6
525,19,0,2,85,5.3,6,1,6.8,6,2,3,7
526,21,1,0,58,5.7,10,1,6.6,6,2,3,7
527,20,0,2,100,6.7,1,1,6.3,5,1,4,8
528,22,1,0,78,4.0,0,0,8.1,7,2,2,5
529,19,0,2,39,7.0,10,1,5.8,5,1,4,8
530,21,1,0,18,4.6,1,1,7.6,7,2,3,6
531,20,0,2,16,5.9,6,1,6.6,6,2,3,7
532,22,1,0,20,4.2,9,0,8.1,7,1,2,5
533,19,0,2,67,3.5,1,0,8.5,8,2,2,4
534,21,1,0,68,4.4,0,1,7.8,7,1,3,6
535,20,0,2,85,5.4,6,1,6.7,6,2,3,7
536,22,1,0,58,5.8,10,1,6.5,6,2,3,7
537,19,0,2,100,6.8,1,1,6.2,5,1,4,8
538,21,1,0,78,3.9,0,0,8.2,7,2,2,5
539,20,0,2,39,7.1,10,1,5.7,5,1,4,8
540,22,1,0,18,4.5,6,1,7.7,7,2,3,6
541,19,0,2,16,5.8,10,1,6.7,6,2,3,7
542,21,1,0,20,4.1,9,0,8.2,7,1,2,5
543,20,0,2,67,3.4,1,0,8.6,8,2,2,4
544,22,1,0,68,4.3,1,1,7.9,7,1,3,6
545,19,0,2,85,5.5,6,1,6.6,6,2,3,7
546,21,1,0,58,5.9,10,1,6.4,6,2,3,7
547,20,0,2,100,6.9,1,1,6.1,5,1,4,8
548,22,1,0,78,3.8,0,0,8.3,7,2,2,5
549,19,0,2,39,7.2,10,1,5.6,5,1,4,8
550,21,1,0,18,4.4,1,1,7.8,7,2,3,6
551,20,0,2,16,5.7,6,1,6.8,6,2,3,7
552,22,1,0,20,4.0,9,0,8.3,7,1,2,5
553,19,0,2,67,3.3,1,0,8.7,8,2,2,4
554,21,1,0,68,4.2,0,1,8.0,7,1,3,6
555,20,0,2,85,5.6,6,1,6.5,6,2,3,7
556,22,1,0,58,6.0,10,1,6.3,6,2,3,7
557,19,0,2,100,7.0,1,1,6.0,5,1,4,8
558,21,1,0,78,3.7,0,0,8.4,7,2,2,5
559,20,0,2,39,7.3,10,1,5.5,5,1,4,8
560,22,1,0,18,4.3,6,1,7.9,7,2,3,6
561,19,0,2,16,5.6,10,1,6.9,6,2,3,7
562,21,1,0,20,3.9,9,0,8.4,7,1,2,5
563,20,0,2,67,3.2,1,0,8.8,8,2,2,4
564,22,1,0,68,4.1,1,1,8.1,7,1,3,6
565,19,0,2,85,5.7,6,1,6.4,6,2,3,7
566,21,1,0,58,6.1,10,1,6.2,6,2,3,7
567,20,0,2,100,7.1,1,1,5.9,5,1,4,8
568,22,1,0,78,3.6,0,0,8.5,7,2,2,5
569,19,0,2,39,7.4,10,1,5.4,5,1,4,8
570,21,1,0,18,4.2,1,1,8.0,7,2,3,6
571,20,0,2,90,6.1,1,1,7.2,5,2,4,7
572,23,1,0,26,3.8,7,0,7.8,8,1,2,4
573,19,0,2,42,5.5,6,1,6.8,6,2,4,8
574,22,1,0,39,7.2,0,1,5.9,4,2,5,9
575,21,0,2,93,4.2,1,0,7.5,7,1,2,5
576,24,1,0,99,6.8,6,1,6.2,5,2,4,8
577,20,0,2,102,5.9,1,1,6.7,6,1,3,7
578,22,1,0,61,6.5,0,1,6.1,5,2,4,8
579,19,0,2,31,4.7,7,0,7.4,7,2,2,5
580,23,1,0,18,5.2,1,1,7.0,6,1,3,6
581,21,0,2,101,6.3,6,1,6.4,5,2,4,8
582,24,1,0,44,4.9,0,0,7.3,7,1,2,5
583,20,0,2,82,6.7,1,1,6.0,5,2,4,8
584,22,1,0,20,5.8,9,1,6.5,6,1,3,7
585,19,0,2,46,4.5,7,0,7.6,8,2,2,4
586,23,1,0,78,6.4,0,1,6.3,5,2,4,8
587,21,0,2,30,4.1,1,0,7.7,7,1,2,5
588,24,1,0,90,6.6,6,1,6.2,5,2,4,8
589,20,0,2,26,4.4,1,0,7.4,7,1,2,5
590,22,1,0,42,5.7,7,1,6.8,6,2,3,7
591,19,0,2,39,7.0,1,1,5.8,4,2,5,9
592,23,1,0,93,4.3,0,0,7.5,7,1,2,5
593,21,0,2,99,6.9,6,1,6.1,5,2,4,8
594,24,1,0,102,5.6,1,1,6.9,6,1,3,7
595,20,0,2,61,6.2,0,1,6.3,5,2,4,8
596,21,1,2,31,5.8,1,1,6.7,6,2,3,7
597,23,0,0,18,4.9,6,0,7.3,7,1,2,5
598,20,1,2,101,6.4,0,1,6.2,5,2,4,8
599,22,0,0,44,5.1,7,0,7.1,7,1,2,5
600,19,1,2,82,6.7,1,1,6.0,4,2,4,8
601,24,0,0,20,5.5,9,1,6.8,6,1,3,7
602,21,1,2,46,4.3,7,0,7.6,8,2,2,4
603,23,0,0,78,6.2,1,1,6.4,5,2,4,8
604,20,1,2,30,4.5,0,0,7.4,7,1,2,5
605,22,0,0,90,6.3,6,1,6.3,5,2,4,8
606,19,1,2,26,4.7,1,0,7.2,7,1,2,5
607,24,0,0,42,5.9,7,1,6.6,6,2,3,7
608,21,1,2,39,7.1,0,1,5.7,4,2,5,9
609,23,0,0,93,4.4,1,0,7.4,7,1,2,5
610,20,1,2,99,6.6,6,1,6.2,5,2,4,8
611,22,0,0,102,5.4,1,1,6.9,6,1,3,7
612,19,1,2,61,6.5,0,1,6.1,5,2,4,8
613,24,0,0,31,4.8,7,0,7.3,7,1,2,5
614,21,1,2,18,5.7,1,1,6.7,6,2,3,7
615,23,0,0,101,6.1,6,1,6.4,5,2,4,8
616,20,1,2,44,4.6,0,0,7.2,7,1,2,5
617,22,0,0,82,6.8,1,1,5.9,4,2,5,9
618,19,1,2,20,5.6,9,1,6.8,6,1,3,7
619,24,0,0,46,4.2,7,0,7.5,8,2,2,4
620,21,1,2,78,6.3,6,1,6.3,5,2,4,8
621,23,0,0,30,4.4,1,0,7.4,7,1,2,5
622,20,1,2,90,6.5,0,1,6.2,5,2,4,8
623,22,0,0,26,4.6,7,0,7.3,7,1,2,5
624,19,1,2,42,5.8,1,1,6.6,6,2,3,7
625,24,0,0,39,7.0,6,1,5.8,4,2,5,9
626,21,1,2,93,4.5,0,0,7.3,7,1,2,5
627,23,0,0,99,6.7,1,1,6.1,5,2,4,8
628,20,1,2,102,5.5,7,1,6.8,6,1,3,7
629,22,0,0,61,6.4,0,1,6.2,5,2,4,8
630,19,1,2,31,4.7,1,0,7.2,7,1,2,5
631,24,0,0,18,5.6,6,1,6.7,6,2,3,7
632,21,1,2,101,6.2,0,1,6.3,5,2,4,8
633,23,0,0,44,4.8,7,0,7.1,7,1,2,5
634,20,1,2,82,6.9,1,1,5.9,4,2,5,9
635,22,0,0,20,5.7,9,1,6.7,6,1,3,7
636,19,1,2,46,4.4,7,0,7.4,8,2,2,4
637,24,0,0,78,6.1,6,1,6.4,5,2,4,8
638,21,1,2,30,4.3,1,0,7.5,7,1,2,5
639,23,0,0,90,6.4,0,1,6.2,5,2,4,8
640,20,1,2,26,4.5,7,0,7.3,7,1,2,5
641,22,0,0,42,5.9,1,1,6.5,6,2,3,7
642,19,1,2,39,7.2,6,1,5.7,4,2,5,9
643,24,0,0,93,4.6,0,0,7.2,7,1,2,5
644,21,1,2,99,6.8,1,1,6.0,5,2,4,8
645,23,0,0,102,5.3,7,1,6.8,6,1,3,7
646,22,1,0,61,6.3,0,1,6.2,5,2,4,8
647,20,0,2,31,4.8,1,0,7.1,7,1,2,5
648,23,1,0,18,5.7,6,1,6.6,6,2,3,7
649,21,0,2,101,6.2,7,1,6.3,5,2,4,8
650,24,1,0,44,4.7,0,0,7.2,7,1,2,5
651,19,0,2,82,6.8,1,1,5.9,4,2,5,9
652,22,1,0,20,5.6,9,1,6.7,6,1,3,7
653,20,0,2,46,4.3,7,0,7.5,8,2,2,4
654,23,1,0,78,6.2,6,1,6.3,5,2,4,8
655,21,0,2,30,4.4,1,0,7.4,7,1,2,5
656,24,1,0,90,6.5,0,1,6.1,5,2,4,8
657,19,0,2,26,4.6,7,0,7.3,7,1,2,5
658,22,1,0,42,5.8,1,1,6.6,6,2,3,7
659,20,0,2,39,7.1,6,1,5.8,4,2,5,9
660,23,1,0,93,4.5,0,0,7.3,7,1,2,5
661,21,0,2,99,6.7,1,1,6.0,5,2,4,8
662,24,1,0,102,5.4,7,1,6.8,6,1,3,7
663,19,0,2,61,6.4,6,1,6.2,5,2,4,8
664,22,1,0,31,4.7,0,0,7.2,7,1,2,5
665,20,0,2,18,5.6,1,1,6.7,6,2,3,7
666,23,1,0,101,6.3,7,1,6.2,5,2,4,8
667,21,0,2,44,4.8,6,0,7.1,7,1,2,5
668,24,1,0,82,6.9,1,1,5.9,4,2,5,9
669,19,0,2,20,5.7,9,1,6.7,6,1,3,7
670,22,1,0,46,4.4,7,0,7.4,8,2,2,4
671,20,0,2,78,6.1,0,1,6.4,5,2,4,8
672,23,1,0,30,4.3,1,0,7.5,7,1,2,5
673,21,0,2,90,6.4,6,1,6.2,5,2,4,8
674,24,1,0,26,4.5,7,0,7.3,7,1,2,5
675,19,0,2,42,5.9,1,1,6.5,6,2,3,7
676,22,1,0,39,7.2,0,1,5.7,4,2,5,9
677,20,0,2,93,4.6,6,0,7.2,7,1,2,5
678,23,1,0,99,6.8,1,1,6.0,5,2,4,8
679,21,0,2,102,5.3,7,1,6.8,6,1,3,7
680,24,1,0,61,6.2,0,1,6.3,5,2,4,8
681,19,0,2,31,4.7,1,0,7.2,7,1,2,5
682,22,1,0,18,5.8,6,1,6.6,6,2,3,7
683,20,0,2,101,6.1,7,1,6.4,5,2,4,8
684,23,1,0,44,4.8,0,0,7.1,7,1,2,5
685,21,0,2,82,6.7,1,1,6.0,4,2,5,9
686,24,1,0,20,5.5,9,1,6.8,6,1,3,7
687,19,0,2,46,4.2,7,0,7.5,8,2,2,4
688,22,1,0,78,6.3,6,1,6.2,5,2,4,8
689,20,0,2,30,4.4,1,0,7.4,7,1,2,5
690,23,1,0,90,6.5,0,1,6.1,5,2,4,8
691,21,0,2,26,4.6,7,0,7.3,7,1,2,5
692,24,1,0,42,5.9,1,1,6.5,6,2,3,7
693,19,0,2,39,7.0,6,1,5.8,4,2,5,9
694,22,1,0,93,4.5,0,0,7.3,7,1,2,5
695,20,0,2,99,6.6,1,1,6.1,5,2,4,8
696,23,1,0,102,5.5,7,1,6.7,6,1,3,7
697,21,0,2,61,6.3,6,1,6.2,5,2,4,8
698,24,1,0,31,4.8,0,0,7.1,7,1,2,5
699,19,0,2,18,5.7,1,1,6.6,6,2,3,7
700,22,1,0,101,6.2,7,1,6.3,5,2,4,8
701,20,0,2,44,4.7,6,0,7.2,7,1,2,5
702,23,1,0,82,6.8,1,1,5.9,4,2,5,9
703,21,0,2,20,5.6,9,1,6.7,6,1,3,7
704,24,1,0,46,4.3,7,0,7.5,8,2,2,4
705,19,0,2,78,6.2,0,1,6.3,5,2,4,8
